title,number
FrenchPolynesia4K-ScenicRelaxationFilmWithCalmingMusic,1
100%EUROPE:SvenFranck(VoltFrance),1
PILOTINGBOEING737-800THROUGHTHEWORSTWEATHEREVER//THUNDERSTORMRAINâ€¼ï¸,1
ZlatanIbrahimovicTop30RidiculousGoalsNoOneExpected,1
Heidiâ€Episode18â€SÃ©paration,1
GuillaumeMeurice:lapatronnedeRadioFrancerevientsurlapolÃ©mique-CÃ Vous-13/11/2023,1
AffaireGrÃ©gory:undesÂ«corbeauxÂ»identifiÃ©-LaStory-CÃ Vous-12/10/2023,1
Slimane-MonAmour(LIVE)|FranceğŸ‡«ğŸ‡·|SecondSemi-Final|Eurovision2024,1
LarÃ©ponseLUNAIREdePriscaThevenotÃ unequestiondunjournaliste.,1
BWeins-Nachrichtenvom13.05.2024,1
GRIPPINGHamadMedjedovicvsDaniilMedvedevMatch!|Rome2024Highlights,1
LadictaturedeKimJungUn:quesepasse-t-ilVRAIMENTenCorÃ©eduNord?,1
MacronveutoffrirnosterresagricolesÃ lafinance!|LoiAgricoleEP.4,1
MacronlamÃ©ricainetlaperversiondeladÃ©mocratie.LÃ©quipedeOffInvestigationeninterview.,1
"Eurovision2024-Semi-Final2LiveShow:ğŸ‡«ğŸ‡·France,Slimane-MonAmour(Audienceview)",1
Les12fondamentauxdelimpression3DparfaitedeuxiÃ¨mecours!,1
"LadarseduRouvray,unÂ«havredepaixetdebiodiversitÃ©Â»queParisprometdeprÃ©server",1
[PODCAST]Lagrottesanglante(2/2),1
LIVEanecdotesKyushu-Orangerailway2023,1
Transportsparisiens:lerepairedesvoyous,1
CommissiondenquÃªtesurTotalEnergies:PatrickPouyannÃ©auditionnÃ©auSÃ©nat,1
MalivikaTVestendirectÂ !,1
"REMYBUISINE,JOURNALISTEPOURBRUT:CEQUILAVUETENTENDUDEPLUSFOU!(ViolencepoliciÃ¨re...)",1
"Zazie&PagnyenDuo,ArÃ¨nesdeNÃ®mes.30Juin2023",1
#MeToo:ladifficileconciliationdelopinionetdudroit-AnneRosencher-CÃ vous-14/05/2024,1
Pouroucontreluniondeslistes?,1
AngelinaMango-Lanoia(LIVE)|ItalyğŸ‡®ğŸ‡¹|GrandFinal|Eurovision2024,1
Cashinvestigation-Leau:scandaledansnostuyaux(IntÃ©grale),1
VincentBollorÃ©:auditiondevantlacommissiondenquÃªtesurlesfrÃ©quencesTNT,1
"CashInvestigation-Razziasurlebois,lespromessesenkitdesgÃ©antsdumeuble(IntÃ©grale)",1
Cashinvestigation-Produitslaitiers:oÃ¹valargentdubeurre?(IntÃ©grale),1
ConsequencesofKogiGovernorsMovePreventingYahayaBelloArrestbyEFCC,1
HeroicmansavesyoungboyfromoncomingtraininIndia,1
Õ„Õ¡ÕµÕ«Õ½Õ«15-Õ«Õ¶Õ¸Ö€Õ¸Õ·Õ¡Õ¯Õ«Õ»Ö€Õ¢Õ¡ÕªÕ¡Õ¶Õ¯Õ¡â€¤Ô²Õ¡Õ£Ö€Õ¡Õ¿ÕÖ€Õ¢Õ¡Õ¦Õ¡Õ¶Õ¶Õ¡Õ´ÖƒÕ¸ÖƒÕ¸Ö‚Õ´Õ§Ö…Ö€Õ¾Õ¡Õ¡Ö€Õ¤ÕµÕ¸Ö‚Õ¶Ö„Õ¶Õ¥Ö€Õ¨,1
ğŸ”´LIVELisbonAirportPlaneSpotting,1
"Isaline,14ansetjeuneaidanteauprÃ¨sdesamaman-LaStory-CÃ Vous-14/05/2024",1
Jean-PaulRouvedanslapeaudeGabrielMatzneff-CÃ Vous-09/10/2023,1
TheBooksofKnjige-AddikoMastercardkreditnakartica(DRUGIDIO),1
LesderniersjoursdeJohnnyHallyday:le2eOeildePhilippeCaveriviÃ¨re,1
"DerniÃ¨reauditiondeJean-PierreFarandou,PDGdelaSNCF,auSÃ©nat",1
Cashinvestigation-Industriedutabac:lagrandemanipulation(IntÃ©grale),1
"MaximeBossis,retoursuruneviedechampion",1
DuaLipa-IllusionintheRadio1LiveLounge,1
Nousneregarderonspassansrienfaire.,1
DÃ©couvrezParis-Saclay,1
Whenyouaremylittlefriend-CuteMomentsCatandHumanğŸ¥°,1
POFI:PremiatoalfieredellaRepubblicadel13-05-2024,1
"Â«Salut,cestmoiÂ»:laderniÃ¨repreuvedeviedupiloteotagederebellespapousdepuisunan",1
Â«Lesmartphonetue!Â»:lecridalertedunmÃ©decin,1
BesanÃ§on:1500personnesmanifestentpourunepaixjusteauProcheOrient,1
ğŸ‘©ğŸ»PrincesseSarah-Lamansarde-Episode12|VERSIONREMASTERISÃ‰E,1
NationalAnthemofFrance:LaMarseillaise[Remastered],1
"DEFENSE|Rafah,quellestratÃ©giedeguerre?",1
Kid5makesSWEETDREAMSmoreAmazing|KarolinaProtsenko-ViolinCover,1
Quiveutgagnerdesmillions?ChristianClavieretThierryLhermitte27/02/2004,1
LesdernierssecretsdelaffaireKennedy,1
"Islamisme,uniformeÃ BÃ©ziersetRN:linterviewdeRobertMÃ©nard",1
Meloni-LEuropadevediventareungigantegeopolitico,1
MayBerthelot-â€œLaforcedutravailâ€|PaulineLaigneau,1
"FoiredeParis,XiJinpingenFranceetsoutienÃ Gaza-Le5/5-CÃ Vous-06/05/2024",1
250ShockingMomentsOfIdiotsInCarsGotInstantKarma!,1
WystÄ…pieniePrezydentaRP-ZmianywskÅ‚adzieRadyMinistrÃ³w,1
CaughtinProvidence:AnHonestBoy,1
Beethoven:SymphonyNo.9|DanielBarenboim&theWest-EasternDivanOrchestra(completesymphony),1
ACCUSÃ‰EDANTISÃ‰MITISME:POURQUOIJEPORTEPLAINTECONTRELANIMATEURARTHUR(RIMAHASSAN),1
LERN(ETMLP)VONT-ILSGAGNEREN2027?â€“entretienavecArnaudBenedettietJÃ©rÃ´meSainte-Marie,1
Jean-MichelMairelÃ¢cheunepÃ©pitesurRaymond!,1
Eurovision2024/LamisÃ¨rehumaineestgrandesurtoutquandelleselogedanslesvanitÃ©s!,1
Passe-Partout:revientsuraventuredans#FortBoyard-#ChezJordanDeluxe,1
Python#1-introduction,1
"Saint-Joseph,quartieroÃ¹jaigrandi,estunquartierremplacÃ©|StÃ©phaneRavier",1
JarretdeboeufbraisÃ©Ã labiÃ¨re,1
UnejournÃ©eavecunefemmetoxiqueethautementmanipulatrice:perversionetjalousie.,1
LindaKebbabsurCNEWS:IlfautarrÃªterlesextractionsinutiles!,1
FranÃ§oisDamienspiÃ¨gecettedÃ©chetterie-CamÃ©racachÃ©e,1
ğŸŸ©ğŸŸ¡ğŸŸ¥AnÃ¡lisedoDebate(SIC)paraasEleiÃ§ÃµesEuropeias2024,1
LePROBLÃˆMEDONTPERSONNENEPARLEaveclIAMUSICALE-SUNO,1
"MireilleDumasretrouveLinda,mamanÃ 14ans|INAMireilleDumas",1
BestofJordanBARDELLAcontreValÃ©rieHAYER!,1
RÃ©acsvsWokes:lenouveauclivage?LanalysedAlexandreDevecchio,1
à¤¸à¤‚à¤•à¥à¤°à¤¾à¤‚à¤¤à¤¿à¤•à¥‡à¤šà¤²à¤¤à¥‡à¤†à¤œà¤¨à¤°à¤¸à¤¿à¤‚à¤¹à¤®à¤‚à¤¦à¤¿à¤°à¤—à¤—à¤µà¤¾à¤²à¤®à¥‡à¤‚à¤•à¤¾à¤°à¥à¤¯à¤•à¥à¤°à¤®à¤•à¤¾à¤†à¤¯à¥‹à¤œà¤¨à¤•à¤°à¤µà¤¾à¤¯à¤¾à¤—à¤¯à¤¾l,1
Drivingtothebananastore,1
"Heidiâ€Episode47â€Bonjour,grand-mÃ¨re",1
Eurovision:laFranceaupieddupodium-Le5/5-CÃ Vous-13/05/2024,1
MontpellierStreamShow-Octobre2022,1
Nouvelle-CalÃ©donie:GÃ©rardLarcherappellelensembledelapopulationÃ laraisonetaucalme,1
D-DayatLast|April-June1944|WorldWarII,1
EpiÃ¹facilecredereaunamenzognadettadatutticheunaveritÃ dettadaunosolo,1
à¤¶à¥à¤°à¥€à¤°à¤¾à¤®à¤®à¤¹à¤¾à¤¯à¤œà¥à¤à¤à¤µà¤‚à¤°à¤¾à¤®à¤•à¤¥à¤¾à¤¸à¤¤à¥à¤¸à¤‚à¤—à¤—à¥Œà¤šà¤°à¤£à¤Šà¤ªà¤¾à¤¸à¤•à¤¶à¥à¤°à¥€à¤¦à¤¿à¤µà¤¾à¤•à¤°à¤œà¥€à¤®à¤¹à¤¾à¤°à¤¾à¤œlive-05,1
3ANIMALSThoughtExtinct(ButTheyWereNot!)with@laboiteacuriosites,1
LinfoÂ duÂ jour|15mai-Soir,1
VladimirPoutinecÃ©lÃ¨breleJourdelaVictoire,1
"Nouvelle-CalÃ©donie:LadÃ©mocratiedoittriompher,demandeBrunoRetailleau",1
DeuxmortsaucoursdunenouvellenuitdeviolencesenNouvelle-CalÃ©donie,1
LinfoÂ duÂ jour|15mai-Mi-journÃ©e,1
EmbrasementenKanaky-Nouvelle-CalÃ©donie,1
Lamborghinisuper,1
"DanscettevilleduJapon,unfiletpourmasquerlemontFujietrÃ©duirelaffluxdetouristes",1
Boeing737StunningTakeoffCockpitView|BestCockpitLandingVideo|GoPro12,1
LereprÃ©sentantdelAllemagnechassÃ©parunefouledemanifestantsenPalestine,1
LiveLaTribune:Lestandardenfaillite,1
BabyHippoRaisedByRhinosMeetsAHippo...â¤ï¸|TheDodoGoWild,1
LAFAMILLELAPLUSPUISSANTEDUSÃ‰NÃ‰GAL,1
"UnhymneauxJO,conÃ§uÃ Colombes,devientviral-Le5/5-CÃ Vous-14/05/2024",1
FaceÃ Poutine-Lecoupdessai(1/3)|ARTE,1
Â«Ô»Õ´Õ¶Õ¥Õ´Õ¶Õ«Õ´Õ«Â»-Õ«Õ£Õ¸Ö€Õ®Õ¸Õ¾Ô²Ô´Ô½-Õ«ÖÖ‡Ö„Õ¡Õ²Õ¡Ö„Õ¡Õ¯Õ¡Õ¶Õ¢Õ¡Ö€Õ±Ö€Õ«Õ·Õ­Õ¡Õ¶Õ¸Ö‚Õ©ÕµÕ¸Ö‚Õ¶Õ«ÖÕ°Õ¡Õ¶Õ±Õ¶Õ¡Ö€Õ¡Ö€Õ¸Ö‚Õ©ÕµÕ¸Ö‚Õ¶Õ¶Õ¥Ö€Õ¿Ö€Õ¾Õ¥Õ¬Õ¥Õ¶,1
"Ğ’Ğ»Ğ°Ğ´Ğ¸Ğ¼Ğ¸Ñ€ĞŸÑƒÑ‚Ğ¸Ğ½Ğ²ÑÑ‚Ñ€ĞµÑ‚Ğ¸Ğ»ÑÑĞ²ĞšÑ€ĞµĞ¼Ğ»ĞµÑĞ´ĞµĞ²Ğ¾Ñ‡ĞºĞ¾Ğ¹Ğ¸Ğ·Ğ”ĞµÑ€Ğ±ĞµĞ½Ñ‚Ğ°,ĞºĞ¾Ñ‚Ğ¾Ñ€Ğ°ÑĞ¼ĞµÑ‡Ñ‚Ğ°Ğ»Ğ°ĞµĞ³Ğ¾ÑƒĞ²Ğ¸Ğ´ĞµÑ‚ÑŒ",1
UE:lacommissioneuropÃ©ennea-t-ellevraimenttropdepouvoir?LanalysedeMichelGuÃ©naire,1
#Nieszpory|15maja2024,1
Father-SonSingingDuoWinSimonCowellsGOLDENBUZZERwithOriginalFamilySong,1
CequelonditVSquelonpenseVRAIMENTpendantunentretiendembauche,1
Week-endÃ Bastia:unevillesousinfluenceitalienne,1
RoutesdelacocaiÌˆne:traqueenAtlantique,1
"ğŸŒ§ï¸DanslAisne,deshabitantsonttoutperduaprÃ¨slepassageduntorrentdeboue",1
"MÃ©andredeQueuille,lAmazonieenAuvergne",1
PoliciersblessÃ©sparballedansuncommissariatdeParis:cequelonsait,1
Placementsfrauduleux:desmilliersdefranÃ§aisontperduleursÃ©conomies,1
LesmusclesdesWinnersdelOMpourÂ«leplusgrandtifodumondeÂ Â»,1
ACCIDENTEDETRENES:ESCULPADEMILEI?CONFERENCIAMANUELADORNI,1
"EnBretagne,ilvitavec50eurosparmoisetilestheureuxcommeÃ§a",1
"EugÃ¨neRiguidel,amideFlorenceArthaud:elleÃ©taittellementlibre",1
Nouvelle-CalÃ©donie:unesituationinsurrectionnelle,1
PourquoilaNouvelle-CalÃ©doniesembrase-t-elle?,1
"Barrages,incendies:nuitdetensionsenNouvelleCalÃ©donie",1
Nouvelle-CalÃ©donie:desÃ©meutesmettentlefeuÃ lÃ®le,1
NuitdeviolencesenNouvelle-CalÃ©donie,1
"ğŸš¶ğŸ»SATURDAYAFTERNOON,BeverlyHillsğŸŒ´ğŸŒ´CaliforniağŸ‡ºğŸ‡¸[4K]",1
"DublincoupeleliveduportaillereliantÃ NewYork,pourcausedincivilitÃ©s",1
ChapeletdelaMisericordeavecSrEmmanueldepuisMedjugorje,1
HANDICAPÃ‰Ã€80%:ilracontesaterriblemaladie,1
AquÃ­Sem:QuandlesfemmesgitanesdePerpignanrelÃ¨ventlatÃªte,1
2023USAFF-16ViperDemoinStorm!-BarksdaleAFB(Louisiana)-Day2DefendersofLiberty,1
F-16OvertheShoulderCockpitView-AirshowoverSouthBeachMiami-CockpitAudio,1
BlindcoupleDenise&StefangiveBREATHTAKINGSoundofMusicperformance|Auditions|BGT2024,1
Ä°sraildeAnmaTÃ¶reniYapanNetanyahuyuKendiHalkÄ±BÃ¶yleProtestoEtti!,1
Cesagentsramassent65tonnesdedÃ©chetsparansurlesroutesdelOise,1
PourquoilesautoroutesenFrancesontsichÃ¨res?|ATLAS,1
JolieSTOÃ SpaFrancorchamps,1
JourdelindÃ©pendance:IsraÃ«lcompte9.9millionsdhabitants,1
DamercoledÃ¬rischionubifragialNord.CaldoesoleggiatoalSud,1
ItalianInvasionofFranceinoneminuteusingGoogleEarth,1
"Aller,laderniÃ¨reduMasduClos2023enR12GORDINI.Prochainrendez-vous,octobre2024!",1
FORRESTdeSoprano-LEFFETDEMASSEdeMaÃ«lle-10/11/2023-CollÃ¨gedeClarensac,1
Cashinvestigation-QuandlesactionnairessenprennentÃ vosemplois(IntÃ©grale),1
CommentGuardiolaadÃ©veloppÃ©sonjeudeposition?-CanalFootManager,1
JordanBardella:quelbilanauParlementeuropÃ©en?-CÃ vous-27/03/2024,1
freepartyparnaylecommencement09/05/2024ğŸ˜œğŸ˜ğŸ‘,1
MortdeBernardPivot:leshommagessemultiplient-CÃ Vous-06/05/2024,1
"PBLV-Saison3,Ã‰pisode684|NathanfÃªtesonanniversaire",1
"RelaxingJazzInstrumentalMusicâ˜•SoftJazzMusicforWork,Study,Unwind~CozyCoffeeShopAmbience",1
"AlmaDufour,dÃ©putÃ©eLaFranceinsoumisedeSeine-Maritime|Lapolitiqueetmoi",1
HighestTinyHouse:Livingat60metersintheBlueTowerBadWimpfen|SWRRoomTour,1
[ğ’ğ‹ğğ–ğğ‹ğ”ğ„ğ’]SlowBluesCompilation-CompilationOfBluesMusicGreatest-BestBluesSongsEver,1
PascalGastienetlesClermontoistristesetdÃ©Ã§usaprÃ¨slarelÃ©gationduclubenLigue2,1
PÃ©dophilieauTogo:LecentreKÃ©kÃ©lideLomÃ©adÃ©jÃ enregistrÃ©plusde40casen2024,1
LeFestivaldeCannes2024surFranceTÃ©lÃ©visions!,1
LequotidiendesSaoudiennesdanslepaysleplusfermÃ©aumonde,1
"ğŸŒCreamybananadessertin5minutes!ğŸŒnoSUGAR,noflour!Everyoneislookingforthisrecipe!",1
"Ã€Marseille,lesagentsdesBaumettesexprimentleurpeinesuiteÃ lattaquedanslEure",1
LANOUVELLE-CALÃ‰DONIESENFLAMME:LAMACRONIEJOUEAVECLEFEU,1
LesurprenantlienentreÃ‰ricDupond-MorettietDragRace-#QuelleEpoque27avril,1
Ledurquotidiendessans-abrisentregalÃ¨reetdÃ©brouille,1
ğŸ‡¦ğŸ‡²gtelemlqvachğŸ«£tunMinecraftumğŸ¥°HayerenShokğŸ¥¶,1
"OlmÃ¨ques,Mayas,Teotihuacan,AztÃ¨ques,cestquoiladiffÃ©rence?",1
SoftSeasideJazzMusic-RelaxingJazzForHappyandPeaceMorning-MorningJazzDelight,1
NavireliÃ©Ã IsraÃ«lsaisiparlesHouthis:laCroix-RougeinternationalevisitelÃ©quipage,1
UnforgettableGoalsinFootball,1
TrumpstopstoretrieveMarineshat,1
#54PatriceBÃ©langer|OuvretonjeuavecMarie-ClaudeBarrette,1
LescriminelslesplusconsdelHistoire[AlainBauer],1
DELFA1Productionorale-FrenchSpeakingExamPracticePreparationforBeginners,1
AfDdarfalsrechtsextremistischerVerdachtsfalleingestuftwerden,1
"LucienMIAS,ledernierdemi-tourcontact",1
EuropÃ©ennes:IlfaudradesconsÃ©quencessinotrepartiestplÃ©biscitÃ©parlesFranÃ§ais,1
15M$pourprÃ©venirlÃ©rosioncÃ´tiÃ¨reÃ Rimouski:rÃ©actiondeMaÃ¯tÃ©BlanchetteVÃ©zina,1
"DecaunesGarciaBesson,Bruel,Lara,Drucker,Dard,Boringher,Wolinski,Dard,BrasseurVilleret,Blier..",1
Cestpassorcier-Lasavaneaufonddesbois,1
[LedÃ©bat]ExclusiondescamionsbÃ©ninoisdelenlÃ¨vementdufretnigÃ©rienÃ LomÃ©:quelseffets?,1
LetrÃ©sordesMartiguesâ®AffaireConclue,1
Prison:leslourdesdÃ©cisionsdunjuge,1
Ğ—Ğ°ÑĞ´ĞµĞ½Ğ¸ĞµĞĞĞ¡Ğ­ĞĞ¡Ğ¸Ğ ĞŸ,1
LIVE-FrancescaMichielin-NoDegreeOfSeparation(Italy)attheGrandFinal,1
DIRECT-RegardezFranceInter,1
"RÃ©sumÃ©:LeduoTatum/BrownenFEU,suffisantpourbattrelesCavs?",1
TalkShow:Ya-t-ilunecassureaveccetteÃ©quipe?,1
VIDÃ‰OGRANDEIntermarchÃ©CasinoBagneux,1
"#1166ELHADIFACEALAGUERREDINTERETS,100%ANALYSEMCEB,LAJSKVSLESWALIDESCLUB...",1
"QuandunenfantcourtdansleTGV,tendezlajambe-#QuelleEpoque27avril",1
Estonie:EnvoidetroupesenUkraineenvisagÃ©,1
HeyLeutehabefÃ¼reuchBMWM3LamborghiniHuracanperformanteundM5gefilmt,1
"Cycling-GirodItalia2024-JonathanMilanagainonstage11,anothercrashduringthesprint!",1
"EllevitenAUTONOMIE,perchÃ©esursamontagne",1
"RÃ©gis,mydarling,givemeachildorImleaving!",1
ManTransformsMassiveTreeLogintoAmazingTable|by@WoodworkingCraftsman,1
"ArnaudTsamÃ¨reavecHenriLeconte,YannickNoahetJÃ©rÃ©myFerrari|LeGrandCactus152",1
DesviolencesenNouvelle-CalÃ©donieenrÃ©ponseauprojetdeloimodifiantlecorpsÃ©lectoral,1
"EnSlovaquie,lePremierministreRobertFicoattaquÃ©parballes",1
Quiveutgagnerdesmillions?MichaÃ«lYounetAryAbittan13/07/2013,1
DestinsLiÃ©sğŸ”—Episode11-RÃ‰SUMÃ‰KOHLANTA2024(PARODIE)-JEZAPPEJEVANNE,1
AyaNakamurareinedesFlammes:PierreArditiaregardÃ©lacÃ©rÃ©monie!,1
Ô±Õ´Õ¥Õ¶Õ¥Ö€Õ¥Õ¯Õ¸Õ´Õ¥Õ¶Ö„Õ¯ÖƒÕ¸Ö€Õ±Õ¥Õ¶Ö„ÖƒÕ¸Ö„Ö€Õ«Õ¯Õ£Õ¡Õ²Õ¡ÖƒÕ¡Ö€Õ¡Õ¯Õ¡Õ¶ÖƒÕ¸Õ­Õ¡Õ¶ÖÕ¥Õ¬Õ±Õ¥Õ¦.Ô²Õ¡Õ£Ö€Õ¡Õ¿ÕÖ€Õ¢Õ¡Õ¦Õ¡Õ¶,1
1ERESÃ‰ANCETV:BETTERCALLSAUL5X02,1
ğŸ”´â¡ï¸GROSMALAISESURCNEWS,1
AdorableCatandGoldenRetrieverAttackedbyaSweetSleep,1
Lepermisdeconduire,1
"HygiÃ¨ne,arnaque,intoxication:lapolicedesassiettessurtouslesfronts",1
Lesglaces:commentbienleschoisir?-Livedu12Mai2024,1
ÕÕ¡Õ¶Õ¡Õ±Õ¸Ö€Õ°Õ¡Õ´Õ¡ÕµÕ¶Ö„Õ«Õ¡Õ¾Õ¡Õ£Õ¡Õ¶Õ¸Ö‚13.05.2024Õ©â€¤Õ¡Ö€Õ¿Õ¡Õ°Õ¥Ö€Õ©Õ¶Õ«Õ½Õ¿Õ´Õ¡Õ½1,1
"RÃ©sumÃ©:VINICIUS,BELLINGHAM,ARDA,leRealMadridfaitleSHOWetcolleuneMANITAÃ AlavÃ©s!",1
LivedeRabbiDavidPINTO-15/05Ã 20H30,1
"URGENTğŸš¨KABILAATTENDUENFRANCE,LEPLANBDUCLANKABILA,ARRIVEDUCHEFDETAT-MAJORIRANIENEN...",1
"Poutine,lhommeleplusprotÃ©gÃ©dumonde",1
LesInconnus-SoirÃ©eduNouvelAn,1
DelÃ©tangdeBerreÃ laCamargue:rencontresÃ Martigues-Les100lieuxquilfautvoir,1
UnaDeclaraciÃ³nProfÃ©ticadeRabinoShapiraparalaRepÃºblicaDominicanayLatinoamÃ©rica,1
Eurovision:JenevoispasdediversitÃ©dansceconcoursmaisdelexhibitionnisme,1
EXCLUSIVITÃ‰MONDIALE-LapanthÃ¨renoiredAfriquefilmÃ©eÃ latÃ©lÃ©visionpourla1Ã¨refois!,1
Quest-cequonrisqueavecleaudelaSeine?,1
"Poutine,lahainedelOccident",1
Luttecontrelenarcotrafic:LesorganisationscriminellessadaptentÃ larÃ©pression,1
"ğŸ’˜FabriceLuchini,sadÃ©clarationÃ BernardPivot-VivementDimanche19juin2011",1
à¸™à¸°à¸«à¸™à¹‰à¸²à¸—à¸­à¸‡-à¹‚à¸ˆà¸­à¸µà¹‰à¸ à¸¹à¸§à¸´à¸¨à¸´à¸©à¸à¹Œâœ“[à¹€à¸™à¸·à¹‰à¸­à¹€à¸à¸¥à¸‡]ğŸ§ğŸ«¶ğŸ¤,1
RadioDeberes15maggio,1
Ô´Ô±ÕÔ±ÕƒÔ±Õ†ÕˆÕ’Ô¹Õ…ÕˆÕ’Õ†DAVACHANUTYUN,1
"LedÃ©battenduentreMarineLePenetCharlesConsigny,soutiendeValÃ©riePÃ©cresse",1
EmmanuelMacron/MarineLePen:quiafaitlameilleurecampagne?,1
MASCUS:InfiltrationchezleshommesquidÃ©testentlesfemmes-Documentairecomplet,1
How1500peopleLOSTTHEIRLIVESaboardtheTITANIC,1
PhilippeCaveriviÃ¨refaceÃ GÃ©raldDarmanin,1
Etats-UnisVSChine:laguerreestdÃ©clarÃ©e,1
"SummerMusicMix2023ğŸ¶BestOfVocalsDeepHouseğŸ¶DavidGuetta,Rema,AlanWalker,MileyCyrus",1
SarahKnafo:MonpremierplateaufaceÃ DuhamelsurBFMTV!,1
GrandmeetingdeParisavecLÃ©onDeffontaines,1
ThisBlueAngelsCockpitVideoisTerrifyingandAmazing,1
"UnhommetuÃ©parballedansle20Ã¨mearrondissement(15mai2024,Paris,France)[4K]",1
DyuT1-TestduvÃ©loÃ©lectriquepliablequipassepartout,1
"Pathoftitansonline,thegoldenspinofullgrowth.",1
PlanÃ¨teZÃ©ro-CompilationdesreportagesFrance3duweek-end-09.13/05/2024,1
FulllifeofaDilophosaurus(Killerofyoung)---DinosaurSimulatorGameplay,1
PathofTitans!AnodontosaurusreachesAdolescent!,1
WorldGovernmentSummitInterviews-H.E.UchralNyamOsor,1
ST62v2-Classe1-2464dmg&5kills,1
36thLALIGATITLE:RealMadridpresenttrophytotheSantiagoBernabeuğŸ†,1
Thestraycatexperiencedanexplosionofexcitementwhenhemetthemanwhorescuedhimagain.,1
IntÃ©ressant:Pourquoimeurt-onplusenhiverquenÃ©tÃ©?-28minutes-ARTE,1
"Supergirl1984(Action,Adventure)FayeDunaway,PeterOToole",1
FINALEU20MZONEOUEST-MEYRINBASKETvsPULLYLAUSANNEFOXES,1
OnceUponaTimeintheWestBestScenesğŸŒ€4K,1
"Marseille2024,PassageparleCentreVille",1
ARKSurvivalEvolvedTheLostIslandS2E81,1
ğŸ™NEUVAINEauSAINTESPRITJour4ğŸ”¥PriÃ¨repourleDONdeSCIENCE,1
ğŸ›ï¸NONÃ€LADISCRIMINATIONCAPILLAIRE|RÃ‰PONSEDURAPPORTEURSUITEÃ€LANNONCEDESGROUPES,1
Shopthieves,1
RÃ©sumÃ©OL-Reims|Demi-finaleplayoffsD1Arkema|OlympiqueLyonnais,1
Lattaquelaplussanglantedanslhistoiredugrandbanditisme?,1
AlexandraBlanc14052024,1
ViolencessexistesetsexuellesdanslemondedelasantÃ©:Jevaisannoncerdesmesures,1
UnedÃ©putÃ©ebelgequittelapolitique:NousnesommesplusendÃ©mocratie!,1
Slimane-MonAmour(LIVE)|Lyrics|FranceğŸ‡«ğŸ‡·|GrandFinal|Eurovision2024,1
WebcamZÃ¼richHB,1
ApprendrelanglaisavantdedormirâœªLearnEnglishbeforesleepingâœ”,1
2024å¹´5æœˆ15æ—¥è¡†è­°é™¢çµŒæ¸ˆç”£æ¥­å§”å“¡ä¼š,1
VaticanMediaLive-Italiano,1
"A74ans,ilreprendletravailpoursurvivre",1
MobilisationÃ©tudianteensoutienÃ Gaza:rassemblementauPanthÃ©onÃ Parisâ€¢FRANCE24,1
LEGRANDNEWSDU12MAI2024,1
MostBeautifulLadyF-16Pilot!AimeeRebelFiedler-2023USAFF-16ViperDemo-MCASMiramar,1
Quandprendrelestransportspublicsdevientuncalvaire-SÃ©quenceculte,1
Parigo#77:LerÃ©seaudebusparisienfaitsarÃ©volution,1
AttaquedunfourgonpÃ©nitentiaire:Toutseramisenoeuvrepourretrouverlesauteurs,1
ã€ä»¤å’Œ6å¹´5æœˆ15æ—¥ã€‘è¡†è­°é™¢è¾²æ—æ°´ç”£å§”å“¡ä¼šç«‹æ†²æ°‘ä¸»å…šãƒ»å±±ç”°å‹å½¦,1
Ã€quoiressemblaitlacruede1910Ã Paris?,1
"Travaildenuit,concurrenceforte...LesrechargeursdetrottinettessefontlaguerreÃ Paris",1
"EuropÃ©ennes:ValÃ©rieHayer,lebouletdesmacronistes",1
#14mai2024#lheuredespros#pascalpraud#francoisasselineau#upr,1
ğŸ‘©ğŸ»PrincesseSarah-Lenouveauvoisin-Episode30|VERSIONREMASTERISÃ‰E,1
YouWillNeverBelieveWhatTheKingsGuardDidForTheChild,1
"AC/DC-LetThereBeRock(LiveAtRiverPlate,December2009)",1
VanGoghsLehrmeister:Ã–lgemÃ¤ldevonAntonMauvelÃ¤sstsieallesprachlos|BaresfÃ¼rRares,1
Djokovicvs.Sharapova:TheChallenge,1
FrenchRafalefighterjetsoperatewithUSSGeorgeH.W.Bush,1
AUMICRO:LestroisMULTIPLEXenVERSIONLONGUE,1
FULLMATCH:BrazilvGermany|2014FIFAWorldCup,1
UniversitariproPalestina:inseicentoallassembleanelcortiledelBo,1
DesnouvellesdemapetitemaisonenÂ ruine!,1
WhenTheyMeetTheirNewBabyBrotherForTheFirstTime!(CutestEver!!),1
LECHANTDESPARTISANS,1
Megalopolis-TeaserTrailer,1
MunicipalitÃ©deSainte-Julienne-SÃ©anceordinaireduconseilmardi14mai2024Ã 20h,1
TeSouviens-tu?-FrenchPost-NapoleonicSoldierSong,1
ğŸ‘©ğŸ»PrincesseSarah-ProblÃ¨mesdesouris-Episode17|VERSIONREMASTERISÃ‰E,1
OpÃ©rationÂ«Â baindefouleÂ Â»pourMarineLePenÃ laJournÃ©edesplantesÃ BergÃ¨res,1
RioGrandeDoSul|GramadoAoVivoAgora,1
"WildchipmunkWally,whogavemethemosttrustandbonding.",1
IsraÃ«l=terrorismedÃ‰tat,1
EchangetenduentrePatrickBalkanyetNicolasBedoschezThierryArdisson|INAArditube,1
PourquoiTotalEnergiessouhaiteÃªtrecotÃ©Ã laboursedeNew-York?,1
Giorno4|MMXXIV|SpektreOrg.|StarCitizen,1
ABYSSES:Voyagedanslesprofondeursmaximales,1
Untroude20milliards!-LasemainedeNaÃ¯m,1
"VariÃ©tÃ©sFranÃ§aises20240âš¡MusiquePopulaire2024Playlistâš¡KendjiGirac,Vitaa&Slimane,Louane",1
"Aureille,unpetittrÃ©sornichÃ©danslachaÃ®nedesAlpilles",1
ğŸ¤FranÃ§oisValÃ©rycritiquelesdÃ©boiresjudiciairesdeJean-LucLahayedansChezJordan,1
"Ã‰meutesenNouvelle-CalÃ©donie:quest-cequelÃ©tatdurgence,etqueva-t-ilengendrersurlarâ€¦",1
DenombreuxsÃ©niorssansretraite...Maissansemploi-Reportage#cdanslair02.12.2022,1
"EmmanuelMacronprÃªtÃ remontersurlering,ilfautsauverlesoldatValÃ©rieHayer:lezappingâ€¦",1
CatFellInLoveWithSquirrelThatWasRescuedAfterFallingFromATree,1
ChimÃ¨neBadienpleurs:sonamoureuxetsonpÃ¨reluidÃ©dientJelaimeÃ mourir-LaboiteÃ secrets,1
Lassautfinal1970(PremiÃ¨reGuerremondiale)FilmcompletenfranÃ§ais,1
BarcelonaCafeShopAmbience|AutumnBossaNovaCafeMorningMusicforWakeUpandBeHappy,1
Commentlefisctraquelesfraudeurs,1
JamesBondandTheQueenLondon2012Performance,1
Ø¬ÙˆÙ„Ø©ÙÙŠØ§Ù„Ù‚Ø¯Ø³ÙƒÙ…Ø§Ù„Ù…ØªØ±Ø§Ù‡Ø§Ù…Ù†Ù‚Ø¨Ù„-Ø¯Ø®Ù„ØªØ£Ø®Ø·Ø±Ø­ÙŠÙ„Ù„ÙŠÙ‡ÙˆØ¯ÙÙŠØ§Ù„Ù‚Ø¯Ø³ÙˆÙƒØ§Ù†ØªØ§Ù„Ù…ÙØ§Ø¬Ø£Ø©ğŸ¤¯ğŸ‡µğŸ‡¸,1
Ivebeenpreservingtomatoesthiswayfortenyears!Deliciousmarinadeeveryonewilllove,1
"ENDIRECT-ViolencesenNouvelle-CalÃ©donie:lÃ©tatdurgenceentreenvigueurdÃ¨s20heures,heâ€¦",1
MattarellaLapacesicostruisceapartiredallavitadiognigiorno,1
RadiantRedPandaCaptivatingViewers,1
ROMA-FROSINONE14/05/24â€“CONSEGNAATTESTATIDONORE,1
UNITEDSTATESAIRFORCEFIRSTFEMALEF35DEMOPILOT-KRISTINBEOWOLFE-AVIATIONNATION20224K,1
BrianMayetJean-MichelJarreenconcertÃ Bratislava,1
"MireilleDumasretrouveCharlie,enfantHPI|INAMireilleDumas",1
JeanRenoouvreunnouveauchapitre-CÃ Vous-13/05/2024,1
LionSurprisedWildlifePhotographersWhenHewasTakingPicturesofaPride,1
ChantdudÃ©part-NationalAnthemofTheFirstFrenchEmpire,1
"Dupond-Moretti,votrepolitiqueestunfiasco!",1
ConfessionspÃ¨re-fille:entretienexclusifavecGhassanetLÃ©aSalamÃ©,1
Migrants:unnettoyagesocialÃ ParisavantlesJO2024?â€¢FRANCE24,1
Taille/Abdos/Fessiers-Renforcementmusculaire-187,1
LeMondeOuRien|UndocumentairesurleBodybuildingFÃ©minin[4K]|AJIMEProductions,1
Gofastsurlautoroute:regardezcettespectaculaireinterventionduGIGN,1
InaugurazionecantierizzazionedelDepositomezzi(BRT)conMatteoSalvini,1
FatherAttacksHisDaughtersKillerinCourt,1
å‚æ”¿å…šè¡—é ­æ¼”èª¬_é«˜ç”°ã‚ãã²ã‚_é™å²¡çœŒç¬¬4åŒºå›½æ”¿æ”¹é©å§”å“¡_åå¤å±‹_2024/05/12,1
HowU.S.F-16PilotsRushtoTakeoffwithAfterburnertoInterceptChinaJets,1
FX.Bellamy:LaChineaunestratÃ©giedeconquÃªtepourdÃ©truirenotreproductionindustrielle!,1
"TG2000,13maggio2024â€“Ore20.30",1
Londres:deuxgrand-mÃ¨resvandalisentunmusÃ©e,1
Ep.284|NigaarBanuà¤²à¥‡à¤°à¤¹à¥€à¤¹à¥ˆAkbarà¤¸à¥‡à¤…à¤ªà¤¨à¥€à¤®à¤¾à¤à¤•à¤¾à¤¬à¤¦à¤²à¤¾|JodhaAkbar|ZeeTV,1
GaspardProustfaceÃ lamairedeRomans-sur-IsÃ¨re:LemairedeBlidapendantlaguerreenAlgÃ©rie,1
QuelestleproblÃ¨medeCNEWS?!:LedÃ©batÃ©lectriqueentrePascalPraudetChristopheDeloire,1
JordanBardella:EricDupond-MoretticestTaubiraenpire,1
WhatHappensAfter$4BillionAirForceOneDropsOfftheUSPresident,1
Ã‰ricDupont-Morettia-t-ildÃ©rapÃ©ensattaquantauRN?,1
Lafindumondedans30ansetledÃ©battantattendudesEuropÃ©ennes:lezappingpolitique,1
IbizaSummerMix2023ğŸ“BestOfTropicalDeepHouseMusicChillOutMix2023ğŸ“ChilloutLounge#117,1
JordanBardellametsenPLSEmilieTranNguyendansCÃ vous.,1
SlimanebouleverseVitaaaveclareprisedeMonamoureuse,1
RaoulCÃ©drasetlessecretsducoupdÃ‰tatde1991,1
HOWDEEPISYOURLOVE-BeeGees|SaxophoneCover|DanieleVitale,1
MarineLePenvisitelavilledeBergÃ¨resenFrance,1
PathofTitans|RexVArgent,1
"Lestuk-tuks,nouveaucauchemardescyclistes(etdespoliciers)parisiens",1
QuandMarineLePenpleuraitderiredevantlesimitationsdeNicolasCanteloup,1
RelaxingWhiskeyBluesMusicğŸ’SlowBlues&RockBallads&TheBestofEmotionalBlues,1
Ã‰ricDupond-Morettinapas(dutout)apprÃ©ciÃ©cetteimitationdUgoBernalicis,1
JasonStathamGasStationFightScene|Homefront(2013)|MovieClip4K,1
UnepiÃ¨cemanquanteâ®AffaireConclue,1
"PascalCanfin,eurodÃ©putÃ©Renew,estlInvitÃ©PolitiquesurFranceInterdu13/05/2024",1
Immigration:tensionsenIrlande,1
"Fouderage,lecontrÃ´lequitournemal",1
RichardFindykianreÃ§oitDavidLisnard,1
"ViniJr.,Bellingham&RealMadridreceivenewBMWcars!",1
TsitsipasvsNorrie;MedvedevFacesMedjedovic;Rune&RublevInAction|Rome2024HighlightsDay6,1
ášá¿á„áŸ–á¢á„áŸ’á‚ášá€áŸ’áŸá…á·ááŸ’ááŠáŸ‚á€á‚áŸ’á˜á¶á“á˜áŸááŸ’áá¶á—á¶á‚á‘á¸áŸ©áŸ§,1
Jackie&Jadendestroyeveryone!|TheKarateKid(2010)BestFightScenes,1
MÃ©lenchon-Zemmour:revoirleurdÃ©batenintÃ©gralitÃ©,1
CharlesGave-Â«Â LaFINultimedelEuropecestlaGuerreÂ Â»,1
"ProcÃ¨sdeDonaldTrump:cequaditsonancienavocat,devenusonpireennemi",1
Face-Ã -Face:Ã‰ricZemmour,1
Gallipoli-FilmCOMPLETenFranÃ§ais,1
"MichelOnfray:Ilyaunehainedetoutcequiestoccidental,blanc,franÃ§ais",1
LunionfaitlaFrance,1
LescandaledurÃ©seauroutierfranÃ§ais,1
"QUESONT-ILSDEVENUS?ğŸŒ(Akon,Pitbull,KatDeluna...)",1
LesaccÃ©lÃ©rateursdeparticules-Quickie27-e-penser,1
LunionFaitLaForce,1
Ø§Ù„Ø±Ø¦ÙŠØ³ÙŠØ¨ÙƒÙŠØºØ¶Ø¨Ø§ÙˆÙ‚Ù‡Ø±Ø§Ø¨Ø³Ø¨Ø¨ØªØ¯Ù†ÙŠØ³Ø§Ù„Ø±Ø§ÙŠØ©Ø§Ù„ØªÙˆÙ†Ø³ÙŠØ©Ø§Ø«Ø±Ø²ÙŠØ§Ø±Ø©ØºÙŠØ±Ù…Ø¹Ù„Ù†Ø©Ø¥Ù„Ù‰Ø§Ù„Ù…Ø³Ø¨Ø­Ø§Ù„Ø£ÙˆÙ„Ù…Ø¨ÙŠØ¨Ø±Ø§Ø¯Ø³,1
LHeuredesPros:CequiminquiÃ¨teenFrancecestladÃ©riveliberticide(FlorianPhilippot),1
VladimirPoutinemenacelEurope-Reportage#cdanslair08.05.2024,1
JORDANBARDELLARECADRETOUTLEPLATEAUDETPMP!,1
CookingShawarmaFromAWhole100kgBULLOnASpit!AGrandDishForAllChildren,1
OSEZINVESTIR#170,1
JackReachervs.PrisonGang|Reacher(AlanRitchson),1
"Ã€83ans,AndrÃ©racontesaviedeglobe-trotter",1
TariqramadanvsDeVilliers,1
"ARouen,lesgensduvoyagevictimesdelapollutionLubrizol",1
Clash!SlimanerecadreYannMoix-OnnestpascouchÃ©24septembre2016,1
JordanBardellaIMPLACABLEsurlinsÃ©curitÃ©!|ApollineMatin,1
AymericCARONCAMBRIOLEleplateaudeBFMTV??!!(onnentendquelui...),1
Messede10hÃ Lourdesdu14mai2024,1
1991:ChÃ´meursÃ 50ansouleparcoursducombattantğŸ’¼|INASociÃ©tÃ©,1
IgaSwiatekvs.AngeliqueKerber|2024RomeRoundof16|WTAMatchHighlights,1
ZazÃ©mueauxlarmesparlareprisedÃ‰blouieparlanuitdesonamiYcare,1
ROSAIREÃ LOURDESğŸ™PriÃ¨repourlesmaladesğŸ™DepuisLOURDES,1
JackieSardousÃ©nerve!-LesinterviewsdeRaphaelMezrahi,1
LOURDES:CEQUEVOUSNESAVIEZPAS,1
Belgique:lepremierÃ‰tatvÃ©gan?,1
DesavionsfranÃ§aiscontrelesmissilesrusses?,1
Ep.264|ShehzadiNigaarà¤¨à¥‡à¤­à¤¿à¤œà¤µà¤¾à¤¯à¤¾ChuchakBegumà¤•à¥‡à¤²à¤¿à¤à¤…à¤ªà¤¨à¤¾à¤ªà¥ˆà¤—à¤¾à¤®|JodhaAkbar|ZeeTV,1
"ContrÃ´le:monsieur,dÃ©solÃ©onnapasletempslÃ ",1
WorldTBDayWalktheTalk-Maliana,1
DescivilsestonienssentraÃ®nentÃ laguerredetranchÃ©esavecdessoldatsfranÃ§aisdelOTAN,1
Ã‰lectionseuropÃ©ennes:suivezendirectmondÃ©batfaceÃ ValÃ©rieHayer.#debatBFMTV,1
"TheVeryBestOfSoul70s,80s,90sSoulMarvinGaye,WhitneyHouston,AlGreen,TeddyPendergrass",1
ã€PathofTitansã€‘_ãƒ‘ã‚¹ã‚ªãƒ–ã‚¿ã‚¤ã‚¿ãƒ³ã‚ºå®Ÿæ³,1
GuerreenUkraine:jusquoÃ¹iraloffensivesurKharkiv?AvecPeerdeJong,1
Bestoflofihiphop2021âœ¨[beatstorelax/studyto],1
PathofTitans20240513213727,1
Slimane-MonAmour(LIVE)|FranceğŸ‡«ğŸ‡·|GrandFinal|Eurovision2024,1
AnatolyProvingBodybuildersWrongFor30MinutesStraightğŸ˜²,1
JaiarrÃªtÃ©leSUCRE(ajoutÃ©)pendant1moisğŸ˜±,1
AyaNakamuraauxJO:leshÃ©ritiÃ¨resdePiafvalident-LaStory-CÃ Vous-27/03/2024,1
CetteAfricaineaLaissÃ©MacronSansVoix[DiscoursChoc]|H5Motivation,1
PathofTitans-TyrannosaurusRexRealismFightsandHunts,1
1992:DanslesbistrotsdeFranceğŸ·âœ¨|ArchiveINA,1
"AntonyBlinken,chefdeladiplomatieamÃ©ricaine,improviseunconcertdansunbarenUkraine",1
Jean-MichelJarre-STARMUS-BRIDGEFROMTHEFUTURE-LIVEFROMBRATISLAVA,1
catmeetsbabyfirsttime,1
Ô²Õ¶Õ¡Õ£Õ«Õ¿Õ¡Õ¯Õ¡Õ¶ÖƒÕ¸Ö€Õ±1,1
"AlanJackson,KennyRogers,GeorgeStraitğŸ”¥TheBestClassicCountryPlaylistğŸ”¥BestOldCountrySongs",1
LinvitÃ©edujour-AlizÃ©Cornet,1
CettevidÃ©otexpliqueleconflithistoriqueentreIsraÃ«letPalestine,1
ARKSurvivalEvolvedTheLostIslandS2E82,1
#50ilfautbienunefin....encouleurcestmieuxğŸ˜‰,1
"JaisoifdetaprÃ©sence,divinchefdemaFoi(JEM)-CantiqueavecparolespourleCarÃªmeetPÃ¢ques",1
ğŸ™Desarticles...INSOLITES!,1
"ValÃ©rieHayer:LEurope,cestnotreassurance-vie",1
"Le9juin,vousnaurezquunseulvotepouraffirmerquelaFrancerevient!",1
KidsonBoard|FilmHD,1
"LeGIGN:sesmissions,laprisedotagedelAirbusParis-Alger,etlasÃ©curitÃ©desJ.O-CANAL+",1
RussiaVictoryParadeLIVE|MilitaryParadeInMoscow|RussiaNews|MoscowMilitaryParadeLIVE,1
SWITZERLAND-DECLAREDTHEMOSTBEAUTIFULCOUNTRYINTHEWORLD-ATRUEMOUNTAINPARADISE,1
"PhilCollins,MichaelBolton,EltonJohn,EricClapton,BeeGees-SoftRockLoveSongs70s80s90s",1
"Adele,EdSheeran,Maroon5,DuaLipa,Rihanna,BrunoMars,TaylorSwift,Sia-BillboardHot100",1
"HadrienClouet,dÃ©putÃ©LaFranceinsoumisedelaHaute-Garonne|ParlementHebdo(03/05/2024)",1
JordanBardellaVSHugoClÃ©ment-GrandDÃ©batdesValeurs,1
Lesecretquiafaitexploserladroite,1
RoseDanceArmenia/LyricalJazz/Moderndance/Ğ”Ğ¶Ğ°Ğ·Ğ¼Ğ¾Ğ´ĞµÑ€Ğ½ï¿¼/newdance2024ğŸ’ƒï¿¼,1
Ã‰lectionseuropÃ©ennes:ledÃ©batentreRaphaÃ«lGlucksmannetFranÃ§ois-XavierBellamyenintÃ©gralitÃ©,1
"Kharkiv,Soumy:30.000russesÃ lassautdunord?",1
HIGELIN-1987-Apostrophes,1
"MariÃ©edeforce:javais13ans,ilavait45ans-Ã‡acommenceaujourdhui",1
"Lesinvocationspourcomprendre,mÃ©moriser,encasdexamensetdoubli,enseignÃ©sparleprophÃ¨teğŸ§ ğŸ˜±",1
LepÃ©tagedeplombdudÃ©putÃ©RNJean-PhilippeTanguy,1
[FR][PC]ViensdiscuterBetterMinecrafthardcore,1
ARÃˆNELIVE#267:SESSIONNOCTURNECHILL/Raidshadowlegendsfr,1
"Lesucre,ennemipublicnumÃ©ro1?-CÃ Vous",1
"Jean-PaulBelmondo,invitÃ©deBernardPivotdansBouillondeculture|ArchiveINA",1
"Transports:lesJOdeParis,chroniquedundÃ©sastreannoncÃ©?-28Minutes-ARTE",1
TYSONFURYVSOLEKSANDRUSYK!ğŸ”¥|LiveMediaWorkout,1
[GTA5]UNBRAQUEURTOMBENEZANEZAVECLAPOLICE|LSPDFR#1107,1
FranÃ§oisDamienspiÃ¨gecegendarme-CamÃ©racachÃ©e,1
Leface-Ã -facevirulententreYassineBelattaretJordanBardelladansBalanceTonPost,1
"KatyPerry,Adele,EdSheeran,Maroon5,DuaLipa,Rihanna,BrunoMars,Sia-BillboardHot100",1
PhilippedeVilliers:EmmanuelMacronlaisseraderriÃ¨reluiunchampderuinesfumantes,1
"Musictoworkactiveandhappy-HappyMusicforinStores,Cafes|DeepHouseMix2024#28",1
EarthMantra(1hour)|MalteMarten&MollieMendoza,1
JedevinesonsportenanalysantsonCORPS!,1
KonÃ©:unemarchepacifiquepourunaccordglobal,1
ColomboderequinetouassousÃ lAntillaisedeMaÃ¯tÃ©ğŸ¦ˆğŸ¦|InaLesRecettesVintage,1
ZiuaEuropei2024ğŸ‡ªğŸ‡º,1
LhommagedessupportersduPSGaprÃ¨slederniermatchdeKylianMbappÃ©auParc,1
MonnomestpersonneğŸ¤«|FilmWesternCompletEnFranÃ§ais|TerenceHill(1973),1
"WarmJazzMusicforStudying,UnwindinCozyCoffeeShopAmbienceâ˜•RelaxingJazzInstrumentalMusic",1
UnedÃ©putÃ©eeuropÃ©enneÃ VonderLeyen:â€œMadamegÃ©nocideâ€,1
IntroducingGPT-4o,1
Direct:VisitedeJean-LucMÃ©lenchonauPmOusmaneSonkoetlepartiPastef,1
SommetChooseFrance:Onpalpeunmaxdemoulaga!,1
"LÃ‰GIONÃ‰TRANGÃˆRE:TIBORVASS,MEMBREDUGROUPEDÃ‰LITEDELALEGION(tu*erquelquun,lesrumeursâ€¦)",1
7foisoÃ¹tontonDENZELatransformÃ©desgangstersenpleureuses|Equalizer:LesMeilleuresScÃ¨nes,1
AmazingWoodturningCrazy-ExtremelyBoldIdeaAndBeautifulWithAmazingResultsOnLathe,1
BeautifulFemalePilotTakeOffHerBoeingB737-800|CockpitView|GoPro,1
"PathofTitans!MetriandThalasso,SupportSpecialists!",1
BackandBicepTrainingRant,1
ğŸ›‘LesGrandesGueules-BaisseduPrixdesdenrÃ©es..OusmaneSonkoreportelapromesseduPrÃ©sident.,1
EtatdurgenceenNouvelle-CalÃ©donie:lesimagesaprÃ¨sunedeuxiÃ¨menuitdÃ©meutes,1
RoutesdelacocaÃ¯ne:traqueenAtlantique,1
"Pillages,violences,peurdeshabitantsbarricadeÌs:pourquoilaNouvelle-CaleÌdoniesembrase",1
MÃ©tÃ©oduLundi13auDimanche19Mai2024,1
AgrÃ©gationINTERNEmaths:RappelsdecourspourlÃ©preuve1de2024(suite),1
LIVEFORTNITE:jedÃ©truiscegrosnoob(ilpleure)?!?,1
InterviewchocdeFlorianPhilippotsurFranceInfoTV!,1
LepaysdeQuercy:aucoeurdenosrÃ©gions-1000Paysenun-DocumentaireVoyage-MG,1
GermanShepherdMeetsNewbornKittensForTheFirstTime!,1
CrazyUSNavySEALsTeamJumpsintoCrowdedFootballStadium,1
UnmathÃ©maticienagagnÃ©14foisaulotoavecunemÃ©thodetrÃ¨ssimple|Ã‰missioncomplÃ¨tedu26avril,1
ChillLoungeDeepHouseMusicMix-RelaxingCampingDJSet|OutdoorCookingFlavourTripPlaylist,1
ChÃ¢teauneuf-du-Pape:aucoeurdenosrÃ©gions-1000Paysenun-DocumentaireVoyage-MG,1
"Jean-ChristopheCouvydÃ©nonceleflÃ©audenotresociÃ©tÃ©,lesrefusdobtempÃ©rersurCNEWS",1
"EnNouvelle-CalÃ©donie,lÃ©tatdurgencedÃ©clarÃ©",1
LanotificationFR-AlertaaussisurprislesdÃ©putÃ©srÃ©unisÃ lAssemblÃ©enationale,1
"Dictatorship,Paranoia,Famine:welcometoNorthKorea!(englishdocumentary)",1
Bozouls:lecanyondelAveyron,1
WorldsLongestEverSkiJump(NewRecord),1
"Viens,EspritSaint(VeniSancteSpiritus)|EmmanuelMusic",1
SALVINI:PRONTALALEVAOBBLIGATORIA,1
PremierLeague-LetitrepromisÃ ManchesterCity?,1
PPLdÃ©matÃ©rialisationdelÃ©tatcivilduMEAE:monamendementsurlepointdÃ©tapeannuel,1
"Â«Unconcoursdeâ€¦Â»:SÃ©golÃ¨neRoyalulcÃ©rÃ©eparlEurovision,ellenemÃ¢chepassesmotsâ€¯!",1
"Vivreavec888eparmois,lequotidiendeBernadette,77ans|Reportage",1
Rienadeclarer.Unbonpasseurdedroguepasordinaire!!!MDR,1
pov:Ğ¨Ğ°Ğ½Ñ…Ğ°Ğ¹Ğ´Ğ°2ĞšÒ¯Ğ½Ğ•ÑĞºÑ–Ğ”Ğ¾ÑÑ‹Ğ¼Ğ¼ĞµĞ½Ğ¡Ğ°ÑÑ…Ğ°Ñ‚Ñ‚Ğ°Ğ´Ñ‹Ğ¼!ÒšĞ°Ğ·Ğ°Ò›ÑˆĞ°Vlog1,1
EricZemmour:NousdevonssupprimerlaCommissioneuropÃ©enne!,1
LAPLANÃˆTEDESSINGES4:NouveauRoyaumeLaChasseauxHumainsBandeAnnonce(2024)Nouvelle,1
Hold-upsurlesvieux|ARTE,1
Ô±ÕµÕ½Ö…Ö€Õ¥Õ½Õ·Õ¡Õ¿Õ¸Ö‚ÕªÕ¥Õ²Õ¡ÖÕ¡Õ´Õ¥Ö€Õ£Õ¸ÕµÕ¡Õ¿Ö‡Õ´Õ¡Õ¶Õ´Õ¥Õ»?!Minecrafthayeren?!Õ£Õ¸ÕµÕ¡Õ¿Ö‡Õ¸Ö‚Õ´3,1
SalveRegina(HQ)LouisdeFunÃ¨s,1
12yearoldyoungEdSheeranisthenewEdonthestreetHallelujahJeffBuckley-AllieSherlock,1
DiffusionendirectdeMartiniquela1Ã¨re,1
"AttentatcontrelePremierministreslovaque,RobertFico",1
Yoga...fadavverobenesecondolascienza?,1
RÃ©ponseÃ UrsulavonderLeyen,1
"ARKOFFIPVEREPROGIGA,CARCHA{RECHERCHEJOUEURSETFORMATEURREPROCONTACT}",1
LesJetsPrivÃ©sDesPrÃ©sidentsLesPlusRichesDuMonde,1
RienÃ Declarer-LeUdeAmblance,1
Nonmoijesuiscoach,1
CommentdevenircrÃ©ateurdecontenuen2024?,1
"ReplaydudÃ©batdEmmanuelMacronetMarineLePen,enintÃ©grale",1
EuronewsfranÃ§aisendirect,1
CatholiquesetProtestants:quellesdiffÃ©rences?,1
EnnioMorricone-SergioLeoneGreatestWesternMusicofAllTime(RemasteredHQAudio),1
Ã€ladÃ©couvertedessecretsdufleuveCongo,1
EuropÃ©ennes:leRNpeut-ilencoreperdre?LanalysedeFrÃ©dÃ©ricDabi,1
LesforcesarmÃ©esdeCÃ´tedIvoire(FACI)renforcentleurcapacitÃ©,1
Franz-OlivierGiesbertsurEmmanuelMacron:CestlagÃ©nÃ©rationTPMG:toutpourmagueule,1
photosvacanceparti2,1
1994:LedÃ©batentreBernardTapieetJean-MarieLePen|ArchiveINA,1
InitialsymptomsanddiagnosisofmyALS,1
CdanslairembarqueÃ bordduporte-avionsCharlesdeGaulle-Reportage#cdanslair08.05.2024,1
ğŸ•·ï¸UnhommearrÃªtÃ©Ã laÃ©roportdIstanbulavec1500araignÃ©esetscorpionsğŸ¦‚,1
LOTANprÃªteÃ assurerunenoflyzoneenUkraine?,1
"LaFrance,uneterredepatrimoines",1
CommentlaChineeffacelepeupleOuÃ¯ghour,1
CestÃ§amagauche:LesconfidencesdelancienministredelIntÃ©rieurDanielVaillant(ONPP),1
"CorÃ©eduNord,GÃ©rardDepardieu,SciencesPo...YannMoixestlinvitÃ©duFaceÃ Face",1
ChilleravecJÃ©sus,1
AttalsestcomportÃ©commeuncrÃ©tinmÃ©prisantavecMarineLePenestimeJean-PhilippeTanguy,1
Ã‰normeclashentreMarionMarÃ©chaletGillesVerdez!,1
AttaquedunfourgonpÃ©nitentiaire:uncrimeignoble(Dupond-Moretti)|AFPImages,1
EuropÃ©ennes:Bardellaa-t-iltuÃ©lematch?,1
ClÃ©menceGuettÃ©dÃ©nonceleclimatactueldecensureetderÃ©pression,1
LUnionfaitlaFrance2022-Paris,1
LopÃ©rationisraÃ©lienneÃ RafahprovoqueuncoupdesangduchefdeladiplomatieeuropÃ©enne,1
2023MercedesMaybachS680-BigLuxuryinEverySense,1
LamajoritÃ©delacommunautÃ©internationalesoutientlentrÃ©edelaPalestineÃ lONU,1
BÃ‰TONARMÃ‰-Lunionfaitlaforce(Promo)[CANADA-2022],1
"ğŸ”´DIRECT-LintÃ©graledelinterviewdeLouisBoyard,dÃ©putÃ©LFI/NUPESduVal-de-Marne,surRMC",1
"SurLCI,YoannGilletdÃ©nonÃ§aitlastratÃ©giedecaricatureetdefakenewscontreleRNdE.Macron",1
"DeepHouseMix2023|DeepHouse,VocalHouse,NuDisco,ChilloutMixbyDeepMemories#13",1
"Paris,FranceğŸ‡«ğŸ‡·-ParisSpring2024-4KHDRWalkingTour|Paris4K|AWalkInParis",1
INTERVISTAPAOLOCOLANGELO-CONGRESSONAZIONALE2024,1
Face-Ã -Face:JordanBardella,1
NATIONBUILDERÔ¾ÕÔ±Ô³ÕÔ»Ô±Õ„Õ“ÕˆÕ“ÕˆÕ’Õ„Ô¸Ô´Ô±ÕÔ±ÕÔ±Õ†Ô´Ô»ÕÕ€Ô±Õ…Ô±ÕÕÔ±Õ†Ô»Õ€ÔµÕâ€¤Õ„Ô»Ô´ÕÔ±Õ„Ô»ÕˆÕ’ÔºÔ¸,1
beforeomegaangel,1
"SciencesPo:Ã©vacuationducampementpourlaPalestine(7mai2024,Paris,France)[4K]",1
ğŸ”´ENDIRECT-JordanBardellafaceauxGrandesGueules!,1
JevaisporterlaFlammeOlympiqueğŸ‡«ğŸ‡·ğŸ¤¹â€â™€ï¸ğŸ¥‡-MalikBentalha,1
"IsraÃ«l,cestpirequelaRussie:linterviewintÃ©graledeRimaHassansurBFMTV",1
Artus-Commissariatdu18Ã¨me,1
GabrielAttalannoncequelenquÃªtedIncarvilleavance,1
PourquoilaFrancesaccrocheÃ desilotsinhabitÃ©s?,1
RÃ©sumÃ©:LaJUVENTUSpeutdireMERCIÃ RABIOT!,1
FranÃ§oisDamienssefaitpasserpourunpilote-CamÃ©racachÃ©e,1
EDIMONDAZ,1
PositivPortrait:Cathy,1
"DeepHouseMix2024|DeepHouse,VocalHouse,NuDisco,ChilloutMixbyDeepMemories#8",1
FourgonattaquÃ©danslEure:quiestledÃ©tenuenfuitesurnommÃ©LaMouche?,1
PhilCollinsGreatestHitsFullAlbum2024â­TheBestOfPhilCollins.,1
LachaÃ®nedinfosNC1revirÃ©delamanif,1
LaRÃ©unionVlog-Lemeilleurvoyagedenotrevie!ğŸ‡·ğŸ‡ª,1
"DÃ©batentreJackLangetEricZemmoursurlapprentissagedelalanguearabe,surCNEWS",1
ğŸ¦·CommentsoigneruneCARIE?LesrÃ©ponsesduDrJimmyMohamed,1
LiÃ¨ge:lessupportersduStandardbloquentlematchcontreWesterlo-RTBFInfo,1
Tarbes:alandofopportunities-SouthofFrance-1000Countriesinone-TravelDocumentary-MG,1
Ijustbuyedthedinothatieverwanted!Hehehehehehehe|TheCursedDinosaurIsle,1
Thecomaanditsmysteries,1
EmmanuelMacron:lepirebilandelaVÃ¨meRÃ©publique!,1
LidÃ©eÃ lacon:Lesucre,1
SpÃ©cialCESTLAGUERRE!Partie2-BEST-OF-LesGuignols-CANAL+,1
GuerreenUkraine:MoscoupoursuitsonavancÃ©edanslarÃ©gionukrainiennedeKharkiv,1
LesORAGESsont-ilsDANGEREUX?,1
Les4vÃ©ritÃ©s-JordanBardella,2
LamÃ©thodedugouvernementsurlaNouvelle-CalÃ©doniesouslefeudescritiques,2
Quiveutgagnerdesmillions?5Juin2006,2
LHeuredesPros-LarÃ©ponsedePascalPraudÃ lattaquedeJean-LucMÃ©lenchoncontreCNEWS,2
ManonAubry(LFI):LesmacronistescomptentsurunefaiblemobilisationauxeuropÃ©ennes,2
"LedÃ©batJ.Bardella/O.VÃ©ran,lintÃ©graleenReplay",2
LÃ©ducationaupÃ©rilduwokismeetdelislamo-gauchismeIGillesKepelfaceÃ Jean-MichelBlanquer,2
"Ã€Paris,uncortÃ¨genÃ©ofascisteentrefrictionsaveclespassantsetobstaclesÃ lapresse",2
Ã‰ricZemmourlÃ¨velamainsurunefemmeÃ Ajaccio:CestdelalÃ©gitimedÃ©fense(SarahKnafo),2
JAIACHETÃ‰LAMOTOLAPLUSPUISSANTEDUMONDEğŸ˜¨ğŸ˜±!!GMKDEVIENSMOTARDğŸ˜³ğŸ˜³!!,2
QuestionsauGouvernementÃ lAssemblÃ©enationale-14/05/2024,2
JeanMessihacandidaten2027?,2
Programmecontreprogramme:ledÃ©batentreJordanBardellaetGÃ©raldDarmaninenintÃ©gralitÃ©,2
DelAscensionÃ laPentecÃ´te-Jean-MarieRibay[14/05/2024],2
LorchestreArabo-andaloudeMontpellier-OpÃ©raComÃ©die,2
"ARCHIMÃˆDELECLOCHARD1959NÂ°1/2(JeanGABIN,BernardBLIER,DarryCOWL",2
"Ã€82ans,PaulrisquedÃªtreexpulsÃ©desamaisoncarsesbelles-fillesontdÃ©cidÃ©delavendre",2
LCI|LEPREMIERMINISTRESLOVAQUEBLESSÃ‰PARBALLE,2
LarÃ©ponsedeJordanBardellaÃ Ã‰ricDupond-Moretti:Ilsecomportecommeunchefdegang,2
"Â«Ã€80ans,jaireprisletravailÂ»:Jacques,employÃ©desupermarchÃ©fautederetraitesuffisante",2
"JÃ‰RÃ”MELEBANNER:SONEMBROUILLEAVECVINDIESEL,SESBAGARRESDERUE,SESCOMBATSLESPLUSVIOLENTS",2
"[PODCAST]LascensiondeJordanBardella,lambitieuxprÃ©sidentduRN",2
LeParlementduRire(10/05/24)-LatensionmonteentreDaoetBoukaryğŸ¥Š,2
RST-52MINUTESAUPIEDDELACROIX-FrJulesKAYEMBE,2
ThÃ©orÃ¨medeThalÃ¨s:TOUTCOMPRENDRE!,2
"VahinaGiocante,victimedinceste:monagresseurÃ©taitmonmodÃ¨leabsolu-CCA",2
IlprogettoStadioFlaminioStaperdiventareRealtÃ .LeparolemoltochiaredellassessoreOnorato,2
BOHEMIANRHAPSODYMOVIE2018[LIVEAID]SidebySidew/theQUEENLIVEAID1985,2
PreparingUSGiganticF-15BeforeScaryDogfightatExtremeAltitudes,2
CarbonnefÃªtesdelaSaintLaurent2023,2
Â«JesuismandatÃ©pourbouterlUEhorsdeFrance!Â»/RÃ©unionPubliquedeF.AsselineauÃ Laxou,2
Heidiâ€Episode2â€LeChaletdegrand-pÃ¨re,2
LePerthus-Driving-Frenchregion,2
Toulouse-GaredeToulouse-Driving-Frenchregion,2
Fondamentalismeislamiste:peut-onencoresauverlaBelgique?-FadilaMaaroufi,2
ToutsaufLePenausecondtour?JordanBardellafaceÃ LaurentFontaine,2
UnabridejardinisolÃ©-TutobricolageavecRobert,2
ArnaudDemanche:ElisabethBorneprÃ©sidenteen2027?,2
UncouplederetraitÃ©sÂ«prisonnierÂ»deladerniÃ¨remaisondunquartierravagÃ©parlespromoteurs,2
AgentstuÃ©sdanslEure:lecentrepÃ©nitentiairedeCaen-IfsbloquÃ©,2
EuropÃ©ennesJ-30:lepointdevuedeJÃ©rÃ´meFourquet,2
VoteRN:lesmotivationsdesÃ©lecteursont-elleschangÃ©?,2
CÃ”LONIRRITABLE:MESSOLUTIONSPOURALLERMIEUX,2
"DecaunesGarciaBacall,Peyron,AngladeLaforet,Arditi,Nanty,AzÃ©ma,Ardant,Kassovitz,Jardin,Birkin",2
"France,ZoneEuro,USA,Royaume-Uni:quiperd,quigagne?",2
MichelOnfraysurGaza:CenestpasungÃ©nocide,2
"Nonsifermaallalt,linseguimentoperlestradediMilano-112-LenottidelRadiomobile",2
GuerreenUkraine:lesproposchocsdeNicolasSarkozy-NicolasSarkozy-CÃ vous-06/09/2023,2
CommentexpliquerledÃ©classementdelaFrance?AvecJÃ©rÃ´meFourquet,2
Dissolution:MarionMarÃ©chalaccuseBardelladementirauxFranÃ§ais,2
LesPetitsChanteursdAsniÃ¨resrendenthommageÃ SergeGainsbourg,2
Grandjury-EuropÃ©ennes2024:legranddÃ©bat|Ã‰vÃ¨nement-05/05/2024,2
"4HoursChopinforStudying,Concentration&Relaxation",2
"ConvoipÃ©nitentiaireattaquÃ©:2agentstuÃ©s,1dÃ©tenuenfuite(14mai2024,Incarville,France)",2
LerÃ©sumÃ©deTottenham/ManchesterCity-PremierLeague2023-24(J34),2
LesInconnus-Stade2:RolandGarrosetleTourdeFranceavecGÃ©rardFagnon,2
AffaireGrÃ©goryVillemin:AnatomieduneenquÃªte[2024]Volume2,2
CHAPELETğŸ™Lundi13Mai-MystÃ¨resJoyeux-FATIMA,2
SouffleimprÃ©visible(K28-44)|ChantcatholiqueavecparolespourleCarÃªmeetPÃ¢ques,2
LadÃ©putÃ©eLFIAnneStambach-TerrenoirapportedesvivresauxÃ©cureuilsdelA69,2
LaCCATpoursuitsesactionscontreledÃ©gelducorpsÃ©lectoral,2
FourgonattaquÃ©:deuxfamillesendeuillÃ©es,2
[Endirect]Parlement:LaffaireKistnenaucoeurdelaPNQ,2
Les4vÃ©ritÃ©s-SarahKnafo,2
"GIRO2024-La3evictoiredePogacar,BardetetAlaphilippeÃ©cÅ“urÃ©s:lerÃ©sumÃ©dela8eÃ©tape",2
ğŸ”´DIRECT-LintÃ©graledelinterviewdeJean-MarieVilainetBÃ©atriceBrugÃ¨resurRMC,2
"BernardPivot:samaisonaucÅ“urdesvignesduBeaujolais,sonpetitcoindeparadis",2
"Ilsnevoulaientpaspartirdechezeux:vidÃ©,lelacdeTignesfaitressurgirlevillageenglouti",2
Chillout202424/7LiveRadioâ€¢SummerTropicalHouse&DeepHouseChillMusicMixbyWeAreDiamond,2
LAMARSEILLAISE-HYMNEDELAFRANCE-PAROLES,2
Notrepaysestendeuil:Ã‰ricDupond-MorettirÃ©agitaprÃ¨slattaquedunfourgondanslEure,2
LÃ©galisationducannabis:laFranceÃ latraÃ®ne?MathieuKassovitzestfaceauxGG,2
Volikoguistung,2
FÃªtesdeJeannedArc2024:discoursdeSergeGrouard,2
LintÃ©graledesQuestionsauGouvernement|14/05/2024,2
InspecteurDerrick-LaFinDuVoyage,2
KendjiGiracbouleversÃ©:Jenifer&samamanluichantentLesyeuxdelamama-LaboÃ®teÃ secrets,2
"JaneFonda,reinedeCannes-CÃ Vous-14/05/2024",2
Heidiâ€Episode13â€Tonnerreprintanier,2
LesInconnus-AthlÃ©tisme,2
Quiveutgagnerdesmillions?30Juin2005,2
"TF1-02Janvier2001-TF1JournaldelaNuit,MÃ©tÃ©o,NotreXXesiÃ¨cle",2
"TROUVELARÃˆGLE!(ftDjilsi,Seb,Sofyan,Manas)",2
"42,195kmpourentrerdanslalÃ©gende.",2
IntÃ©ressant:PourquoinepascouvrirleSaharaavecdespanneauxsolaires?-28minutes-ARTE,2
"Nouvelle-CalÃ©donie:dÃ©gelducorpsÃ©lectoral,nickel,FANC-RetoursurnotredÃ©placement",2
ArnaudDemanche:Macrondraguelesinvestisseurs,2
"DIRECT-RencontreMÃ©lenchon,SONKOetlebureaupolitiquedePastef",2
OnatousennousquelquechosedeJohnny-JeanRenoetAmandaSthers-CÃ Vous-15/06/2023,2
ğŸ˜³UneÃ©vasionrocambolesqueÃ 10!#tf1#insolite,2
"SummerMusicMix2024ğŸµAlanWalker,DuaLipa,Coldplay,MartinGarrix&Kygo,TheChainsmokersStyle",2
Russie:PoutineremplacesonalliÃ©delonguedateSergueÃ¯ChoÃ¯gu,2
LesrÃ©ponseshallucinantesdeThierryBretonlorsdesonauditionÃ lAssemblÃ©e!,2
LancienNAZIpiÃ©gÃ©parunjournalisteenpleineinterview(1972)-HDG#18,2
MarineLePenetJordanBardella:leduogagnantpourlaFrance!,2
TPMP:MarionMarÃ©chalmetKOGillesVerdezausujetduramadan:Quevoussoyezmusulmanoupas...,2
"BlocusdeSciencesPo:interventiondepolicepourlesexamens(7mai2024,Paris,France)[4K]",2
MichelDruckerfondenlarmesÃ lafindelhommageÃ JohnnyHallyday,2
AttaquedunfourgonpÃ©nitentiairedanslEure:oÃ¹enest-ondelatraquedeMohamedAmra,2
QuefontlesjeunesÃ lacampagneen1987?ğŸšœğŸŒ»|INASociÃ©tÃ©,2
CentresderÃ©tention:desÃ©vasionsensÃ©rie,2
LepremierduodePierreetHÃ©lÃ©nasurShallow|StarAcademy2023,2
ManuChao-Clandestino(FullAlbum),2
GhassanAbuSittahempÃªchÃ©dentrerenFranceâ€¢FRANCE24,2
"TheLastHundredDaysofNapoleon(History,Actionfilm)FullMovie",2
EricZemmoursurBFMTV:JeproposelaremigrationpourlescriminelsdorigineÃ©trangÃ¨re,2
ViolencesenNouvelle-CalÃ©donieavantlevotesurunerÃ©formeconstitutionnelle|AFP,2
MatteoRenziospiteaSkyTG24|13/05/2024,2
7moispourdevenirboxeur(DTRpartie1),2
PlusieursprisonsbloquÃ©esaprÃ¨slattaquedunconvoipÃ©nitentiaire,2
Dr.JimmyMohamed:uneavancÃ©emajeuresurlAVC!,2
DelfA2ProductionOrale-FrenchSpeakingExamPractice,2
IcoloniisraelianidistruggonogliaiutiumanitariperGazaelOccidentestazitto,2
NationalAnthemoftheFirstFrenchEmpire:LechantdudÃ©part,2
"Nouvelle-CalÃ©donie:aprÃ¨sdesÂ«violencesinouÃ¯esÂ»,lesautoritÃ©sappellentaucalmeâ€¢RFI",2
LASTRASBOURGEOISE|||Chantmilitaire,2
Nouvelle-CalÃ©donie:barragesdepoliceetdhabitantsdanslesruesdeNoumÃ©a|AFPImages,2
"Nouvelle-CalÃ©donie:100entreprisesdÃ©truites,lesdÃ©gÃ¢tssechiffrentdÃ©jÃ Ã 150millionsdeuros",2
Nouvelle-CalÃ©donie:desÃ©meutesjamaisvuesdepuis40ans,2
"Â«Â ONNESTPASDANSLEROILIONÂ Â»,CEPHOTOGRAPHEANIMALIERDÃ‰CRITLHORREURDELASAVANE",2
DanseavecdesStars-LeMondeÃ LEnvers,2
Desscientifiquesaffirment:Â«Voyager1adÃ©couvert775objetsinconnusvoyageantdanslespace!,2
"Pillages,violences,peurdeshabitantsbarricadÃ©s:pourquoilaNouvelle-CalÃ©doniesembrase",2
ARNAQUE:deshuÃ®trespassifraÃ®chesqueÃ§a!,2
"LevraibilandelaVivaldi:prospÃ©ritÃ©pourlesmilliardaires,miettespourlestravailleurs",2
TrynottocryğŸ˜¢15yearoldEmmaKoksingsVoilÃ withAndreRieu(fulllength),2
ğŸ”´TVLourdes-LeSanctuaireNotre-DamedeLourdesendirect.,2
Slovaquie:lePremierministreRobertFicoentrelavieetlamortaprÃ¨sdesblessuresparballe,2
"Ã€3ans,cepetitgarÃ§onasauvÃ©toutesafamilledunincendieprÃ¨sdeLaRochelle",2
MeetingdAmiensavecLÃ©onDeffontaines,2
HowaGermanShepherdandaKittenBecameBestFriends[Compilation],2
OnmetlesvoilesavecAntoine-CÃ Vous-07/05/2024,2
"HiercÃ©taiteuxmaisÃ§aauraitpuÃªtremoi,letÃ©moignagepoignantdunsurveillantpÃ©nitentiaire",2
LaresponsabilitÃ©dudirigeantparleGÃ©nÃ©ralPierredeVilliers,2
"Rihanna,Avicii,JustinBieber,Kygo,SelenaGomez,Alok,Bastille,DavidGuettağŸ”¥LivelySummerMix",2
GermanShepherdShockedbyTinyKittensoccupyingdogbed!,2
SalettreÃ Macronatteintles2Â millionsdevuessurTikTok,2
"RacefortheCure,Mattarella:Grazie,prevenzionefondamentaleperumanitÃ ",2
RafaelNadalJr.WatchingHisFatherPlayInMadrid,2
Heidiâ€Episode35â€Ã€lamaison,2
FranceTÃ©lÃ©visionsa-t-ilpeurdelavictoireduRNauxÃ©lectionseuropÃ©ennes?,2
ğŸ™FAQnÂ°49avecHenrydeLesquen,2
AmazingWoodturningCrazy-GreatWorkingSkillsOfCarpenterWithGiantRedWoodLathe,2
â€œDeschiffresetdeslettresâ€:leplusancienjeutÃ©lÃ©sarrÃªte-LaStory-CÃ Vous-06/05/2024,2
Theamazingkittenraisessixducklings.Themotherduckistoolazy.Theygoonatrip.ğŸ¤£Cutefunny,2
"Â«LesprisonsfranÃ§aisessonttroplaxistesÂ»:Ã Lille-Sequedin,leras-le-boldesagentspÃ©nitentâ€¦",2
AtTheBookshopInSlowFrench|SuperEasyFrench163,2
"AlanWalker,DuaLipa,Coldplay,MartinGarrix&Kygo,TheChainsmokersStyleğŸ”¥SummerVibes#5",2
JORDANBARDELLARECADREGABRIELATTALETCLASHCLÃ‰MENTINEAUTAIN!,2
Fantasticanimals!Thekittenhugsthelittleduckandsleeps.ğŸ˜‚Motherducksbehaviorsofunnycute,2
Autoroute:voieexpressdeladÃ©linquance,2
EricZemmourdÃ©plorelampleurdutraficdedroguedanslacitÃ©phocÃ©enne.#amra#attaque#fugitif,2
"AttaquedunfourgonpÃ©nitentiaire:deuxagentstuÃ©s,deuxblessÃ©savecpronosticvitalengagÃ©",2
DÃ©barquementdu6juin1944:lhistoireducommandoKieffer,2
ğŸ¤£LefouriredePascalPraudavecMaxBoubil#europe1#shorts#maxboubil,2
DrBenYosseph&PastPascalOweliÃ couteuxtirÃ©s.Interventionrapide:ApÃ´treFylla&MaitreWaka,2
QuunprofsemoquedunenfanthandicapÃ©cestlimite!@olivierdelacroixofficielxRosePaynel,2
DireStraits-TrueWembley85(PerfectAudio),2
Sortirdeleuropecestf@cho?-@CathedraleOsseuse,2
Õ†Õ«Õ¯Õ¸Õ¬Õ“Õ¡Õ·Õ«Õ¶ÕµÕ¡Õ¶Õ¨Õ°Õ¡Õ¶Õ¤Õ«ÕºÕ¸Ö‚Õ´Õ§Õ¸Ö‚Õ¶Õ¥ÖÕ¥Õ¬Ô±Õ¶Õ¤Õ¥Ö€Õ½Õ–Õ¸Õ£ÕŒÕ¡Õ½Õ´Õ¸Ö‚Õ½Õ¥Õ¶Õ«Õ°Õ¥Õ¿,2
LCI|NOUMÃ‰A:Ã‰TATDURGENCEDÃ‰CLARÃ‰,2
"Paris:unhommetuÃ©parballeenpleinerue,lessuspectsenfuite|AFPImages",2
15.05.202411:00-Ô±Õ¬Õ«Ô±Õ½Õ¡Õ¤Õ¸Õ¾Õ¨Õ°Õ¡Õ¶Õ¤Õ«ÕºÕ¥Õ¬Õ§Ô²Õ¥Õ¬Õ¡Õ¼Õ¸Ö‚Õ½Õ«ÖƒÕ¸Õ­Õ¾Õ¡Ö€Õ¹Õ¡ÕºÕ¥Õ¿Ô»Õ£Õ¸Ö€ÕŠÕ¥Õ¿Ö€Õ«Õ·Õ¥Õ¶Õ¯Õ¸ÕµÕ«Õ°Õ¥Õ¿,2
FlorianPhilippotundÃ©battendusurCNews!,2
ğŸ‡«ğŸ‡·8mai1945:lavictoirecontreunrÃ©gimeraciste!|AdrienQuatennens,2
PfizerGate:desprocureurseuropÃ©ensenquÃªtentsurlessmsdUrsulaVonderLeyen,2
"AgentstuÃ©s,dÃ©tenuenfuite...cequelonsaitdelattaquedunfourgonpÃ©nitentiairedanslEure",2
EuropÃ©ennes:MarieToussaintinvitÃ©edeCÃ Vous-CÃ Vous-13/05/2024,2
CesdeuxdramesquiontpoussÃ©GrÃ©goireÃ lancersacarriÃ¨reâ€“UndimancheÃ lacampagne,2
Amici23-Sarah-SEXYMAGICA,2
"EnBelgique,lesporteursdelacoupemuletserÃ©unissentpourlefestivaleuropÃ©en|AFP",2
LavoitureÃ©lectrique:vraimentÃ©cologique?LepatrondePSArÃ©pond,2
"LaPolice,lÃ©coledesMEILLEURSmotards?ReportageaucoeurduCNFM",2
"NathanPaulin,funambulefranÃ§ais,traverseBarceloneperchÃ©Ã 70mÃ¨tresdehauteur",2
AucoeurdunprocÃ¨sdassisesIEnvoyÃ©SpÃ©cial,2
"ğŸ Investissementlocatif:pourquoilalocationmeublÃ©e,cestplusrentable?ğŸ¤‘",2
DÃ©clarationduPrÃ©sidentpourcommÃ©morerle50Ã¨meanniversairedelaRÃ©volutiondesÅ’illets.,2
NosÃ©lusRassemblementnationalauxcÃ´tÃ©sdesviticulteurs!,2
FRAlertJeuxOlympiquesensÃ©ance,2
"Entretienexclusif:Gilles-WilliamGoldnadel,avocatetessayiste.",2
GrÃ¨ce:laflammeolympiqueremiseÃ laFranceâ€¢FRANCE24,2
BernardPivotetlavieillesse-CÃ Vous-08/01/2021,2
EmmaKok:15-Year-OldPerformsMOSTEMOTIONALBarbaraPravissongVoilÃ ,2
MarseillenavaitpascomprisquecÃ©taitlesJOetnonunclassicoâ€¦-LABC-CÃ Vous-13/05/2024,2
RÃ©veillerlEurope-Amiens,2
MusiquesenfÃªtedepuislesChorÃ©giesdOrangeFrance3_2023_06_19,2
Souviens-toidemoi,2
GameStopoucommentlespetitsporteursfonttrembleslesgrandsfondsdinvestissement,2
"Francis,thepopewhowantstochangetheworld-Vatican-Catholicreligion-Documentary-Y2",2
NoumÃ©a:RisquedexplosionprÃ¨sdelasociÃ©tÃ©LeFroid,2
Quiveutgagnerdesmillions?LorantDeutschetStÃ©phaneGuillon27/03/2015,2
"JespÃ¨requevousÃªtesfiersdemoi:trÃ¨sÃ©mu,SlimanerÃ©agitÃ sa4eplaceÃ lEurovision2024",2
Nouvelle-CalÃ©donie:Â«JamaislaRÃ©publiquenedoittremblerdevantleskalachnikovsÂ»,3
[Direct]ğŸ”´QuestionsdactualitÃ©auGouvernement15-05-24,3
PetitMalinÃ‰pisode2,3
"UnpÃ¨resansemploi,seprivedemangerpoursafille",3
"AprÃ¨s8inondationsen4mois,ilsonttrouvÃ©dessolutionssimples",3
"LhistoiretragiquedeJeanMoulin,hÃ©rosdelaRÃ©sistance-HDG#54",3
PhilCollinsBestSongsâ˜•PhilCollinsGreatestHitsFullAlbumâ˜•TheBestSoftRockOfPhilCollins.,3
GoldenHeart(888Hz)|1hourhandpanmusic|MalteMarten,3
"ManonAubry,faceaujournalismedopiniondeBFMTV",3
LepapenestpasautaquetphysiquementconstatePhilippeCaveriviÃ¨re-#QuelleEpoque04mai,3
EarthAsSeenFromSaturn-CassiniProbeâ€˜LooksBack|Video,3
KingCharlesHandsOverColonel-in-ChiefoftheArmyAirCorpsRoletoPrinceWilliam,3
Ukraine:MarineLePenEXCÃ‰DÃ‰EparlattitudeduprÃ©sident!|ApollineMatin,3
AÃ©roportOrlysoushautetension,3
FelicitÃ -AlBano&RominaPower|SaxandViolin|DanieleVitale&KarolinaProtsenko,3
ATTAQUEDUFOURGONPÃ‰NITENTIAIRE:ColÃ¨redeJean-ChristopheCOUVYsurleplateaudeCNEWS,3
JeanReno&NikosAliagasseconfient-CÃ Vous-13/05/2024,3
"LoungeMusicChilloutSummer2024ğŸ”¥AlanWalker,AvaMax,EdSheeran,FifthHarmony,Alok,Avicii",3
"LheureduCrime:FranciscoBenitez,lesdisparuesdePerpignanetlelÃ©gionnaire",3
TitreduRealMadrid:ladansedelajoiedeCarloAncelottiavecEduardoCamavinga,3
GuerreenUkraine:lÃ©tauseresserresurKharkiv,3
LintÃ©graledesQuestionsauPremierministre|15/05/2024,3
ConfÃ©rencedepressedeQuentinBataillonsurlerapportdelaCommissiondenquÃªtesurlaTNT,3
JordanBardellaaimebienGabrielAttal?,3
InterviewdeFrÃ©dÃ©ricFougeratparGilaneBarretpourPARLONSBUSINESS/Mai2024,3
LaCamargueenlibertÃ©-Ã‰chappÃ©esbelles,3
ConsciencehistoriqueeuropÃ©enne;mobilisationcontreunCADAÃ BÃ©lÃ¢bre;AlainJuillet,3
1contre100|FrÃ©dÃ©ric|BenjaminCastaldi|IntÃ©gral|EM09|18012007,3
AttalvsBardella:Ã quoijoueFrance2?-ClÃ©mentViktorovitch,3
Gaza:pasdecatastrophehumanitaireÃ RafahselonNetanyahu|AFP,3
HowUSMovesBillions$WorthofHeavyMilitaryEquipmentbySea,3
"LesintÃ©rÃªtsfranÃ§aisnesontplusdÃ©fendusauniveaueuropÃ©en,dÃ©ploreJordanBardella",3
PrevisionimeteopermercoledÃ¬15maggio.TantitemporalialCentroealNord,3
Enbref:touteslesdÃ©nominationschrÃ©tiennesen15minutes,3
QuandJeanLassallefaitpleurerderirelesdÃ©putÃ©s,3
LactriceLeÃ¯laBekhtilanceunappelurgentpourlesenfantsdeGaza|UNICEFFrance,3
LHeuredesPros2Ã‰missiondu14052024|PascalPraud,3
BÃ©lighNabliLoccupationetlacolonisationdatentdavantle7octobreetperdurerontaprÃ¨s,3
"EuropÃ©ennes:JordanBardellamentauxFranÃ§ais,lanceValÃ©rieHayer",3
SPECTACULARHEAVYSTORMLANDINGSWindsupto100km/h!AmsterdamSchipholAirport,3
FranÃ§oisHollandea-t-ildÃ©jÃ mangÃ©dessandwichs?ğŸ‘€|InterviewSandwich,3
"QuiÃ©taientArnaudetFabrice,lesdeuxvictimesdelattaquedufourgonpÃ©nitentiaire?",3
Â«OnsestjetÃ©parterredanslebusÂ»:AnaÃ¯savulÃ©vasionsanglanteaupÃ©agedIncarville,3
"ElleperdsonpermisÃ 0,1grammeâ€“EnquÃªtesoushautetension",3
Merciauxanciens!!!ğŸ‡¨ğŸ‡µ,3
"BestRelaxMusic,BeautifulRelaxingMusic,RelaxingGuitarMusic,InstrumentalMusic,CalmingMusic.",3
AttaquedufourgonpÃ©nitentiaireÃ Incarville:Rappeldesfaits,3
JordanBardella:Quepense-t-ildelachasse?,3
"Nouvelle-CalÃ©donie:deuxmortsettroisblÃ©ssÃ©sgraves,MacronconvoqueunconseildedÃ©fense",3
Nouvelle-CalÃ©donie:larÃ©voltedesindÃ©pendantistes|LEssentielduDessousdesCartes|ARTE,3
15052024,3
Quiveutgagnerdesmillions?DaveetLaurentBaffie21/03/2006,3
aespaì—ìŠ¤íŒŒSupernovaMV,3
France3IdF:lÃ©tatdesroutescausedegravesaccidents,3
MatisseestlavictimedunepolitiquemigratoireinsensÃ©equimetendangerlepeuplefranÃ§ais.,3
"LetroudeBozouls,unemerveillefaÃ§onnÃ©eparlamÃ©tÃ©o",3
Rappelle-toiJeanne(MarchedeRobertBruce)-LesPadrÃ©s,3
LAVIEDESDFÃ€BREST.,3
LeportraitdeTemanuataGirard,3
ZahoDeSagazan-â€œAspirationâ€-Live-CÃ vous-15/05/2024,3
14May2024,3
LaNouvelle-CalÃ©donieconfrontÃ©eÃ sesplusgravesÃ©meutesdepuislesannÃ©es1980#shorts#rtbf,3
"LEuropeenmouvement|Europe,uncontinentbouleversÃ©(3/6)|ARTE",3
Kanaky-Nouvelle-CalÃ©donie:lepeuplekanakprotestecontrelarÃ©formecolonialistedeMacron,3
"PourThierryBreton,lunionestlasolutionfaceauxgrandespuissances!|ApollineMatin",3
Istanbul:unBoeing767seposeenurgencesurleventreaprÃ¨sunepannedutraindatterrissage,3
Â«JepeuxmangermaisjenabsorbeplusrienÂ»:Christopherracontesaviesansintestin,3
1erMaiManifestationendirectParis,3
LaRÃ©union:aucoeurdenosrÃ©gions-1000Paysenun-DocumentaireVoyage-MG,3
ğŸ”´LegendarmeblessÃ©parballedurantlesÃ©meutesenNouvelle-CalÃ©donieestmort,3
Nouvelle-CalÃ©donie:aumoinsdeuxmortslorsdunedeuxiÃ¨menuitdÃ©meutesÃ NoumÃ©a,3
EtatdurgenceenNouvelleCalÃ©donie:unedeuxiÃ¨menuitdÃ©meutesfaittroismorts,3
EmmanuelMacronfaceÃ FlorianPhilippot-DPDA,3
FrancisCabrel-Lestutosguitare(Episode1:Lacorrida),3
ÕÕ¡Õ¶Õ¡Õ¯Õ¡Õ¶Õ¶Õ¥Ö€Õ¶Õ¸Ö‚Õ¶Õ¥Õ¶Õ£Õ¡Õ²Õ¿Õ¶Õ«Ö„/#RubenYesayan,3
DÃ©gelducorpsÃ©lectoral:unejournÃ©esoustensionÃ traverslepays,3
BoogieWoogieQueenGetsAPoliceEscortToThePiano,3
"Â«Ã‰coles,prisons,hÃ´pitauxâ€¦LaFranceestdanslimpasseÂ»|JÃ©rÃ´meFourquet",3
Apostrophes:HergÃ©racontelanaissancedeTintin|ArchiveINA,3
Jean-PaulBelmondo:hommageauxInvalides(EnnioMorricone-ChiMai),3
CamÃ©ra1endirectdeSaint-Jean-dAngleenCharente-Maritime,3
"Demi-finaleduPrixGeorgesClemenceau,concoursdÃ©loquence",3
"REPLAYâ€“NBAExtra(15/05):LeMVP,cestbienJokic!",3
OlivierGiroud-lancementdeÂ«ViensSaintEsprit-VeniCreatorSpiritusÂ»-8mai2024,3
ElectionsrÃ©gionalesenCatalogne:PedroSÃ¡nchezgagnesonparifaceauxindÃ©pendantistes,3
AgapiandErosğŸ¥°-TakisShelter,4
MAZLAN2024,4
PourquoicetterÃ©formeembraselaNouvelle-CalÃ©donie?,4
"Inflation,notation,dÃ©ficits:lÃ©pargnedesFranÃ§aisest-elleendanger?",4
MassiveBlueAngelsPlaneLowPassDuringUSMarinesSilentDrillPlatoon,4
CuisinefranÃ§aiseÃ petitsprix,4
"GrÃ¢ceauxpluies,lariviÃ¨reNartubyrenaÃ®tdansleVar",4
"LedÃ©batdeseuropÃ©ennes,avecJordanBardellaetRaphaÃ«lGlucksmann",4
SOIRACTUALITÃ‰DE20H00DUMERCREDI15MAI2024,4
"LaGrandeInterviewavecFranckRiester,ministredÃ©lÃ©guÃ©Ã lEurope.CNewsdu14/05/2024",4
Nemo-TheCode(LIVE)|SwitzerlandğŸ‡¨ğŸ‡­|GrandFinal|Eurovision2024,4
"Eure:unfourgonpÃ©nitentiaireattaquÃ©,desagentstuÃ©setundÃ©tenuÃ©vadÃ©",4
BrunoLemaireesttoutblancaprÃ¨scettequestionsurledÃ©ficitpublic..,4
Ã‰meutesenNouvelle-CalÃ©donie:lespectredelaguerrecivile,4
HowdidtheEnigmaMachinework?,4
FourgonattaquÃ©:desagentspÃ©nitentiairesmanifestentdevantlaprisondeGradignan|AFPImages,4
AgentspÃ©nitentiairestuÃ©s:MehdiGhezzarSTUPÃ‰FAIT!|LesGrandesGueules,4
AllWinnersğŸ¥‡oftheEurovisionSongContest(1956-2024),4
NadineMorano:LaFrancevitunchaossansprÃ©cÃ©dentdinsÃ©curitÃ©etdeviolence,4
LevifÃ©changeentreClÃ©mentineAutainetJordanBardellasurlestenuesreligieusesÃ lÃ©cole,4
"ğŸ”´DIRECT-LintÃ©graledelinterviewdeMarineLePen,prÃ©sidentedugroupeRNÃ lAssemblÃ©enat...",4
[ğŸ‡ºğŸ‡¦/ğŸ‡·ğŸ‡º]LarmÃ©eUkrainiennereculeversKharkiv-CommentamÃ©liorerladÃ©fenseaÃ©rienneukrainienne,4
LeGrandJurydesAuditeursdeRTL:MarionMarÃ©chal,4
Ã‰vasionÃ Incarville:uncommandotueaumoinsdeuxsurveillantspÃ©nitentiaires,4
CGTNFranÃ§aisâ€“InfosetactualitÃ©sencontinu24h/24,4
"Mehdi,quimarchaitdeParisjusquÃ Alger,estarrivÃ©chezsongrand-pÃ¨re!",4
LUEcondamnelattaqueignoblecontrelePremierministreslovaqueâ€¢FRANCE24,4
TouslesmonstressacrÃ©sducinÃ©mafranÃ§ais-MarieColmantetGÃ©rardLefort-CÃ Vous-14/05/2024,4
"Unpetitavionseposeenurgencesurleventre,sanstraindatterrissageetsansfairedeblessÃ©",4
LePremierministreslovaqueentrelavieetlamortaprÃ¨sunefusillade,4
FlorianPhilippotsecouetrÃ¨sfortBFMTV!,4
"BlocusdupÃ©troleNigÃ©rien:UPR,BRetRNsoutiennentsansrÃ©serve,lesDÃ©mocratesmitigÃ©s",4
Highlights|Canadavs.Austria|2024#MensWorlds,4
LESCOMMANDOS|||Chantmilitaire,4
Paris:unepersonnegravementblessÃ©eparballedansle20earrondissement|AFPImages,4
JordanBardella:LEuropedoitmettrefinÃ uneformedenaÃ¯vetÃ©Ã lÃ©garddelamondialisation,4
DÃ©batG.Attal/J.Bardella-Replaydu20HdeTF1,4
"MathildePanot/MarionMarÃ©chal,ledÃ©bat",4
AttaquedufourgonpÃ©nitentiaire:laconfÃ©rencedepressedelaprocureuredeParis,4
FranÃ§oisAsselineau:LessujetslesplusgravesnesontpastraitÃ©sdanscettecampagne,4
"OffensiverussedanslarÃ©giondeKharkiv,lesUkrainienspeuvent-ilstenir?",4
Gastronomie:lapizzatraditionnelleduNord,4
VisiterToulouse-4k-Driving-Frenchregion,5
Õ†Õ«Õ¯Õ¸Õ¬Õ“Õ¡Õ·Õ«Õ¶ÕµÕ¡Õ¶Õ¨Õ°Õ¡Õ¶Õ¤Õ«ÕºÕ¸Ö‚Õ´Õ§Õ¸Ö‚Õ¶Õ¥ÖÕ¥Õ¬Ô´Õ¡Õ¶Õ«Õ¡ÕµÕ«Õ¾Õ¡Ö€Õ¹Õ¡ÕºÕ¥Õ¿Õ«Õ°Õ¥Õ¿,5
FlorianPhilippot:dÃ©batincroyablesurCNews!,5
AlorslescannoiscontentsqueCÃ VoussoitderetourauFestivaldeCannes?-LABC-14/05/2024,5
"GÃ©raldDarmanin:RiennestrÃ©crÃ©atifdansladrogue,toutestmortel",5
"LhistoiredumurdeBerlin,delaguerreÃ lachute",5
Attaquemortelledunfourgon:minutedesilenceaucentrepÃ©nitentiairedeCaen|AFPImages,5
AdorablePuppyLovesGoldenRetriever![CutenessOverload],5
Â«CestlextaseÂ»:onaembarquÃ©danslepremierREREpourNanterre,5
"FourgonpÃ©nitentiaireattaquÃ©danslEureÂ :deuxagentstuÃ©s,undÃ©tenuenfuiteâ€¢FRANCE24",5
"Slovaquie:lePremierministreRobertFicoblessÃ©parballes,sonpronosticvitalengagÃ©",5
"AttaquemortelledunfourgonpÃ©nitentiaire:minutedesilenceobservÃ©e,lesmalfaiteursenfuite",5
Â«ChooseFranceÂ»:15milliardsdeurosdinvestissementsÃ©trangers-CÃ Vous-13/05/2024,5
JournÃ©eâ€œprisonsmortesâ€enFrancesuiteÃ lattaquedunfourgonpÃ©nitentiaire,5
JordanBardellarÃ©pondÃ EricDupond-MorettisurletacleÃ MarineLePen!,5
GrandOraldeJordanBardellatÃªtedelisteRN,5
"QuiestMohamedAmra,ditÂ«Â LaMoucheÂ Â»,quisestÃ©vadÃ©danslattaquedufourgonpÃ©nitentiaireÂ ?",5
Euronewsindiretta,5
ChantdelaPromesse-LesPadrÃ©s,5
"NoumÃ©a:aumoinstroispersonnestuÃ©esdanslesÃ©meutes,ungendarmeblessÃ©parballe",5
TapisrosepourGretaGerwig!-CÃ Vous-14/05/2024,5
QAG-BrunoMillienne-Mardi14mai2024,5
"JordanBardellafaceÃ PascalPraud:DramedeCrÃ©pol,traitementmÃ©diatique,vieprivÃ©e...",5
Discotrametbonhommesballons:MontpelliercÃ©lÃ¨brelagratuitÃ©desestransportsencommun,5
ArtNouveauinBarcelona-Fulldocumentary,5
[ENDIRECT]QuestionsauPremierministreÃ lAssemblÃ©enationale-15/05/2024,5
"ModernTalking,Sandra,MichaelJackson,ABBA,CCCatch,BadBoysBlue-LegendsGoldenEurodisco",5
AttaquedunfourgonpÃ©nitentiaire:oÃ¹enest-ondelatraquedeMohamedAmraetdesescomplices?,6
QuellesituationdanslesprisonsenFrance?LanciendÃ©tenuPierreBottonlivresontÃ©moignage,6
OldiesButGoodies1950s1960sğŸ¶BackToThe50s&60sğŸ¶BestOldSongsForEveryone,6
LesimagesdelattaquedunfourgonpÃ©nitentiairedanslEure,6
CORRUPTION:LUNIONEUROPÃ‰ENNEEST-ELLEGOUVERNÃ‰EPARLESLOBBIES?,6
LHeuredesPros:IlyaunÃ©normedÃ©sespoirdupeuplefranÃ§ais(FranÃ§oisAsselineau),6
AlerteextrÃªmementgraveutilisÃ©epourlesJO:Jemesuisditquilyavaitunattentat,6
LABATAILLEDESRESTAURANTS!(onaexplosÃ©lebudgetğŸ˜­),6
"FourgonattaquÃ©:Â«Nouslestraquerons,nouslestrouveronsetilspaierontÂ»,prometAttal",6
AttaquedufourgonpÃ©nitentiaireÃ Incarville:LatraqueetlespremiÃ¨resrÃ©actions,6
"EuropÃ©ennes2024:Moi,candidatavecStÃ©phanieAnfray(PS-PlacePublique)",6
"GolshiftehFarahani,aunomdelalibertÃ©-CÃ Vous-14/05/2024",6
"AttaquedufourgonpÃ©nitentiaireÃ Incarville:MohamedAmra,leprisonnierencavale",6
ScÃ¨nesdechaosenNouvelle-CalÃ©donie:lÃ©tatdurgenceannoncÃ©,6
Personnenaenviedyaller:DominiquedeVillepinsurlenvoidetroupesausolenUkraine,6
â€œCrÃ©pol:uneFrancequibascule?â€:linterviewdeJordanBardellaenintÃ©gralitÃ©,6
"LintÃ©graleduFace-Ã -FaceavecDominiqueSchelcher,PDGdeSystÃ¨meU",6
"LeRN,lepartidespoliciers?MathieuValetestfaceauxGG",6
4mortsdontungendarme:lÃ©tatdurgencedÃ©crÃ©tÃ©enNouvelle-CalÃ©donie,6
DozedÃ©conomie:Quivagarderlesenfants?,6
ğŸ—£ï¸ValÃ©rieHayer:JenefaispasdelienentrelimmigrationetladÃ©linquance#shorts,6
PhilippeCaveriviÃ¨refaceÃ ValÃ©rieHayer,6
"MarineLePenfinalementprÃªteÃ dÃ©battreavecMacronavantleseuropÃ©ennes,selonJordanBardella",7
CompliceetopÃ©rationCOMMANDO:LaviolenteattaqueaufourgonpÃ©nitencierÃ©tait-elleorganisÃ©e?,7
Tunisie:lebÃ¢tonnierdÃ©noncedesabusdepouvoiraprÃ¨slarrestationdavocatsâ€¢FRANCE24,7
Ã‰RICZEMMOURFACEAAPOLLINEDEMALHERBEBFMRMC,7
Luttecontrelenarcotrafic:lespropositionschocsduSÃ©nat,7
JaiespionnÃ©unvraidÃ©tectiveprivÃ©pendant1mois,7
1erMeetingdeJeanpoursonRetourChezReconquÃªte|Paris,7
"JulienMasson,porte-paroleduRassemblementnationalenIlle-et-Vilaine",7
CoupersondÃ©codeurtvetsaboxwifilanuit?-OnnestpasdesPigeons,7
Le#journaldulundi13mai2024#tahiti#polynesie,7
JTDU14-05-2024,7
Ã‰lectionseuropÃ©ennes:ledÃ©batentreMarionMarÃ©chal(ReconquÃªte)etValÃ©rieHayer(Renaissance),7
"MineursdÃ©linquants,Russie,SciencesPoâ€¦lintÃ©gralitÃ©delinterviewdeMarineLePen",7
"Â«UncrimeignobleÂ»,dÃ©nonceDupond-MorettiaprÃ¨slattaquedunfourgonpÃ©nitentiaire",7
TuttelenewsdiSkytg24,7
Lundi13Mai2024Ã Versailles7Ã¨meÃ©ditionduSommetÂ«ChooseFranceÂ»Interview:BrunoLeMaire,7
"1982,unepalmepourCostaGavras-LapalmedePierre-CÃ vous-15/05/2024",7
TOP8DESMEILLEURSCLASHDEJORDANBARDELLA!,8
BlocagesdeprisonsaprÃ¨slattaquedunfourgon|AFP,8
ComplÃ©mentdenquÃªteJordanBardella,8
LereplayintÃ©graldeGirondinsdeBordeaux-VariÃ©tÃ©sClubdeFrance,8
LeGrandJury-EuropÃ©ennes:legranddÃ©bat(lintÃ©grale),8
"ğŸ”´DIRECT-LintÃ©graledelinterviewdÃ‰ricZemmour,prÃ©sidentdupartiReconquÃªte,surRMC",8
"LaRATPveutlicencier30chauffeursdebus,accusÃ©sdÃªtrechauffeursVTCpendantleursarrÃªtsmâ€¦",8
AttaquedufourgonpÃ©nitentiaireÃ Incarville:PortraitdeMohamedAmra,8
"ğŸ—£ï¸Nouslestraquerons,prometGabrielAttalaprÃ¨slattaquedunfourgonpÃ©nitentiaire",8
FranÃ§oisLenglet:bientÃ´tdesarrÃªtsmaladieauto-dÃ©clarÃ©s?,8
"PriscaThevenot,porteparoledugouvernement,estlInvitÃ©ePolitiquedeSudRadio14/05/2024",8
AttaquedufourgondanslEure:larÃ©actiondeMarionMarÃ©chal,8
ArnaudGarciaetFabriceMoelloontÃ©tÃ©tuÃ©slorsdelattaqueaufourgonsurvenuehier.,9
AttaquedufourgonpÃ©nitentiaireÃ Incarville:Ã©ditionspÃ©cialeFrance3Normandie.,9
ğŸ™LediscoursdADIEUdeKylianMbappÃ©auxTrophÃ©esUNFP!,9
"CÃ©taitunfrÃ¨re,monfuturtÃ©moin,lemeilleuramidunevictimedelattaqueracontesapeine",9
"ğŸ”´DIRECT-LintÃ©graledelinterviewdeJordanBardella,prÃ©sidentduRN,surRMC",9
Â«Â OnestarrivÃ©aupointdebascule!Â Â»Pierre-YvesROUGEYRONetFPHILIPPOT,9
AttaquedufourgonpÃ©nitentiaireÃ Incarville:LesrÃ©actionspolitiques,9
AntonyBlinkenfaitlebÅ“ufÃ Kyiv,10
DieudonnÃ©-EnVÃ©ritÃ©-complet1h22-2019,10
AttaquedufourgonpÃ©nitentiaire:LapÃ©nitentiaireendeuil,10
AFTERLIVEavecNicolasVilasetHoussemLoussaier+AFTERFOOTGilbertBRISBOIS,10
"franceinfo-DIRECTTV-actualitÃ©franceetmonde,interviews,documentairesetanalyses",10
AttaqueduneextrÃªmeviolence:rÃ©citduguet-apenscontrelefourgonpÃ©nitentiaire,10
DireaurevoirÃ mescheveux&devenirchauve|Ã‰P.5MONCOMBATCONTRELECANCER,10
"LantisÃ©mitismeestdevenubanaldansnotrepays,constateYonathanArfi,prÃ©sidentduCRIF,",11
"FourgonattaquÃ©:Â«Ã‡atiraitenrafaleÂ»,tÃ©moigneYvonquivitprÃ¨sdupÃ©agedIncarville",11
"Ã‰meutesenNouvelle-CalÃ©donie:4morts,dontungendarmeetlÃ©tatdurgenceannoncÃ©",11
Slimane-MonAmourLiveFinaledelEurovision2024!,11
EuropÃ©ennes:lepremierdÃ©batentreJordanBardellaetValÃ©rieHayerenintÃ©gralitÃ©,11
OnestdansunmondeirrÃ©el...:lechocdeMehdiGhezzaraprÃ¨slattaquedufourgonpÃ©nitentiaire,12
AttaquedunfourgonpÃ©nitentiaire:ElleillustretouslesmauxquitouchentladÃ©linquance,12
LesimagesdelattaquedufourgonpÃ©nitentiaire,12
EuropÃ©ennes:suivezlegranddÃ©batentreJordanBardellaetManuelValls,12
TheLordofTheRings:TheRingsofPower-OfficialTeaserTrailer|PrimeVideo,12
"Nouvelle-CalÃ©donie,dÃ©batMacronLePenetfakenews#metoo-Ã‡aResteEntreNous",12
MylÃ¨neFarmer-NevermoreLeFilm(Teaser#2),12
HouseoftheDragonSeason2|OfficialTrailer|Max,13
"QuiestMohamedAmra,ledÃ©tenuenfuiteaprÃ¨slebraquagedunfourgonpÃ©nitentiairedanslEure?",13
"FourgonattaquÃ©:IlsnontlaissÃ©aucunechanceÃ noscollÃ¨gues,tÃ©moigneEmmanuelBaudin",14
"Eure:unfourgonpÃ©nitentiaireattaquÃ©,2agentstuÃ©s-CÃ Vous-14/05/2024",14
EmeutesenNouvelle-CalÃ©donie:LagaucheduSÃ©natfustigelamÃ©thodedugouvernement,14
"PoutineaccÃ©lÃ¨re,MacronrÃ©agit,lUkrainesinquiÃ¨te",14
ğŸ”´ğŸ”µNICE-PSGLIVE/ğŸ”¥ALLEZPARIS!/ğŸš¨LAVANTDERNIERMATCHDELASAISONETDMBAPPE!/LIGUE1,15
"ğŸ”´DIRECT-LintÃ©graledelinterviewdeDominiqueSchelcher,PDGdeSystÃ¨meU",15
"EnFrance,unsystÃ¨mepÃ©nitentiaireÃ boutdesouffle?-AnneRosencher-CÃ vous-15/05/2024",15
AttaquedunfourgonpÃ©nitentiaire:commentlatraquedeMohamedAmrasorganise-t-elle?,16
"AttaquemortelledunfourgonpÃ©nitentiaire:CestsurnosloisquonatirÃ©,dÃ©nonceAttal",16
LHeuredesPros-AttaquedufourgonpÃ©nitentiaire:Ilfautrenverserlatable!,16
FourgonattaquÃ©:unvÃ©hiculeÃ©taitÂ«Â stationnÃ©surlebas-cÃ´tÃ©danslattenteÂ duconvoiÂ»,16
AttaquedunfourgonpÃ©nitentiairedanslEure:aumoinsdeuxagentstuÃ©s,16
"AuxÃ‰tats-Unis,unenfantde9ansÃ©vitedesballesdanssonpropresalon",16
PhilippeCaveriviÃ¨refaceÃ JordanBardella,17
"ParisÂ :unhommetuÃ©parballesenpleinerue,lauteurprÃ©sumÃ©prendlafuiteÃ scooter",17
QuiestMohammedAMRA?#incarville#evasion#normandie,17
MerylStreepreÃ§oitlaPalmedordhonneur-FestivaldeCannes2024,17
GuillaumeMeuricecomptesessoutiens,19
LesagentspÃ©nitentiairesbloquentlesprisonsaprÃ¨slattaquemortelledEvreux,20
"Unefaillite,unÃ©chec,BrunoRetailleaurÃ©agitaumeurtredesagentspÃ©nitentiairesdanslEure",21
"ConvoipÃ©nitentiaire,lasanglanteattaque",21
SlovaquieÂ :lePremierministreentrelavieetlamortaprÃ¨savoirÃ©tÃ©blessÃ©parballe,22
AttaquedufourgonpÃ©nitentiaire:OnestdansunesociÃ©tÃ©extrÃªmementviolente,23
ZidanederetoursurlapelousedesGirondinsdeBordeaux-LaStory-CÃ Vous-15/05/2024,24
"LepremierministreslovaqueblessÃ©dansunefusillade,sonpronosticvitalestengagÃ©",24
LintÃ©graleduFace-Ã -FaceavecÃ‰ricZemmour,25
AttaquedunfourgonpÃ©nitentiaire:commentsorganiselatraquedeMohamedAmraetsescomplices?,25
LePremierministreslovaqueblessÃ©parballe,27
ZahodeSagazanreprendModernLovepourGretaGerwig-FestivaldeCannes2024,28
EmeutesenNouvelle-CalÃ©donie:4mortsetlÃ©tatdurgenceannoncÃ©|AFP,28
FRANCE24â€“ENDIRECTâ€“InfoetactualitÃ©sinternationalesencontinu24h/24,28
AffaireBenitez:lelÃ©gionnaireetlesdisparuesdePerpignan-CÃ Vous-15/05/2024,29
BlocagedelamaisondarrÃªtdePau,29
CamilleCottinouvreavecbrioleFestivaldeCannes2024!ğŸ¬,30
"AttaquemortelledunfourgondanslEure:deuxagentstuÃ©s,undÃ©tenuenfuite",34
Â«JÃ©taistroppaniquÃ©eÂ»:AnaÃ¯savÃ©culÃ©vasionsanglanteaupÃ©agedIncarville,35
FourgonpÃ©nitentiaireattaquÃ©:latraquesepoursuit-CÃ Vous-15/05/2024,37
Nouvelle-CalÃ©donie:commentÃ©viterlaguerrecivile?,42
FourgonattaquÃ©:Interpoldiffuseunenoticerougepourlefugitif-CÃ Vous-15/05/2024,44
"Ã€Fleury-MÃ©rogis,lattaquedIncarvillenÃ©tonnepascesagentspÃ©nitentiaires",46
"LopÃ©rationprisonsmortesseramaintenue,ditlintersyndicalepÃ©nitentiaire|AFPExtrait",48
"LaFrance,unnarco-Ã‰tat?BÃ©atriceBrugÃ¨re,magistrateestlinvitÃ©edesGG",50
AttaquedunfourgonpÃ©nitentiaire:latraquecontinueaprÃ¨slÃ©vasionsanglantedelaMouche,50
"Niparloir,niactivitÃ©s:lessurveillantsbloquentlaccÃ¨sÃ laprisondeVillepinte",51
"EtatdurgenceenNouvelle-CalÃ©donie,duelTrump/Bidenâ€¦-Le5/5-CÃ Vous-15/05/2024",58
UnhommetuÃ©parballedansle20áµ‰arrondissementdeParis:uncuisiniertÃ©moigne,62
"FourgonattaquÃ©:QuiestlefugitifMohamedAmra,aliasÂ«lamoucheÂ»?",62
"Eure,Nouvelle-CalÃ©donie:GÃ©raldDarmaninvacraquer",64
"EmeutesenNouvelle-CalÃ©donie:Troismorts,lEtatdurgenceinstaurÃ©",66
MonfilsaprisperpÃ©tuitÃ©:letÃ©moignagedupÃ¨redunagenttuÃ©lorsdelattaquedufourgon,67
Nouvelle-CalÃ©donie:projetdeloiconstitutionnelleadoptÃ©-14/05/2024,67
CesNÃ©o-CalÃ©doniensnousracontentleurquotidienbouleversÃ©parlesÃ©meutes,73
LaNouvelleCalÃ©donieplacÃ©eenÃ©tatdurgencesurdÃ©cretprÃ©sidentiel,74
NoumÃ©adanslaspiraledelaviolence,77
FourgonattaquÃ©:lÃ©motionetlacolÃ¨re,79
Total number or repetition : ,2981
Unique videos : ,1061
Total videos : ,4042
Total number of shorts : ,107
