url,homePosition,ytkids,type,insertionDate,refreshNB,regionAllowed,author,watchTime,actionNB,videoViewsNB,parent_id
v9WSjE3tIkg,0.0,NA,homepage,2022-06-17T14:47:14.655Z,0.0,,Beast Reacts,0.0,0,0,
ndVxD9u95Z0,1.0,NA,homepage,2022-06-17T14:47:14.738Z,0.0,,Deep Mood.,0.0,0,0,
g9S2JrvftrY,2.0,NA,homepage,2022-06-17T14:47:14.782Z,0.0,,SQUEEZIE,0.0,0,0,
v5pgiXol8I8,3.0,NA,homepage,2022-06-17T14:47:14.818Z,0.0,,Mcfly et Carlito,0.0,0,0,
epUyftXSaXI,4.0,NA,homepage,2022-06-17T14:47:14.859Z,0.0,,Amixem,0.0,0,0,
GJnR2StNHDc,5.0,NA,homepage,2022-06-17T14:47:14.896Z,0.0,,Ryan's World,0.0,0,0,
7cRFmYkNIK0,6.0,NA,homepage,2022-06-17T14:47:14.960Z,0.0,,BFMTV,0.0,0,0,
Pym_mBhBin4,7.0,NA,homepage,2022-06-17T14:47:15.001Z,0.0,,Le Monde à L'Envers,0.0,0,0,
HYxAjLS87o0,8.0,NA,homepage,2022-06-17T14:47:15.045Z,0.0,,Chef Verrecchia,0.0,0,0,
8akwd0B6PZk,9.0,NA,homepage,2022-06-17T14:47:15.095Z,0.0,,Clique TV,0.0,0,0,
bc7HLt9-IuA,10.0,NA,homepage,2022-06-17T14:47:15.167Z,0.0,,Lena Situations,0.0,0,0,
YY_sMHcidAk,11.0,NA,homepage,2022-06-17T14:47:15.223Z,0.0,,Poisson Fécond,0.0,0,0,
d137SkCZws0,12.0,NA,homepage,2022-06-17T14:47:15.295Z,0.0,,Smells Like GASOLINE,0.0,0,0,
g-6FER9ltuA,13.0,NA,homepage,2022-06-17T14:47:15.340Z,0.0,,Benjamin Workshop,0.0,0,0,
wBzRYyWdjCM,14.0,NA,homepage,2022-06-17T14:47:15.390Z,0.0,,Best Of Antoine Daniel,0.0,0,0,
1onBuWFzJMc,15.0,NA,homepage,2022-06-17T14:47:15.438Z,0.0,,Manga Trash,0.0,0,0,
m8wcMyZUT-c,16.0,NA,homepage,2022-06-17T14:47:15.495Z,0.0,,Scilabus,0.0,0,0,
zrjqB0Bpf1E,17.0,NA,homepage,2022-06-17T14:47:15.530Z,0.0,,Mnet K-POP,0.0,0,0,
nKA8cnz9yyo,18.0,NA,homepage,2022-06-17T14:47:15.569Z,0.0,,Mnet K-POP,0.0,0,0,
M9OyO3bTqFg,19.0,NA,homepage,2022-06-17T14:47:15.614Z,0.0,,DORETDEPLATINE,0.0,0,0,
FA7CXRLJMiw,20.0,NA,homepage,2022-06-17T14:47:15.648Z,0.0,,Kati Kleber,0.0,0,0,
KH13Q0Bfc0w,21.0,NA,homepage,2022-06-17T14:47:15.693Z,0.0,,Sir Gibsy,0.0,0,0,
RbJg7YLqJk8,22.0,NA,homepage,2022-06-17T14:47:15.730Z,0.0,,Summer Music Deep,0.0,0,0,
fnxulSDtP_I,23.0,NA,homepage,2022-06-17T14:47:15.788Z,0.0,,2000S HITS,0.0,0,0,
AEHTde32NZY,24.0,NA,homepage,2022-06-17T14:47:15.837Z,0.0,,Fred Van Long,0.0,0,0,
fAssPEi5pTs,25.0,NA,homepage,2022-06-17T14:47:15.859Z,0.0,,Michou,0.0,0,0,
m80E1K75vDI,26.0,NA,homepage,2022-06-17T14:47:15.893Z,0.0,,Quiet Quest - Study Music,0.0,0,0,
Q6XL9Xy_CvI,27.0,NA,homepage,2022-06-17T14:47:15.936Z,0.0,,Lena Situations,0.0,0,0,
mFxi3lOAcFs,28.0,NA,homepage,2022-06-17T14:47:15.986Z,0.0,,BE AMAZED,0.0,0,0,
p9gpouZp2QA,29.0,NA,homepage,2022-06-17T14:47:16.013Z,0.0,,Miracle Music,0.0,0,0,
i8jsv658F8g,30.0,NA,homepage,2022-06-17T14:47:16.029Z,0.0,,THEODORT,0.0,0,0,
eaNj76vkqOY,31.0,NA,homepage,2022-06-17T14:47:16.053Z,0.0,,Montreux Comedy,0.0,0,0,
AfzhfvBCrYQ,32.0,NA,homepage,2022-06-17T14:47:16.064Z,0.0,,Thinkerview,0.0,0,0,
3095_w_666w,33.0,NA,homepage,2022-06-17T14:47:16.083Z,0.0,,Charley Goodwin2,0.0,0,0,
t0Q2otsqC4I,34.0,NA,homepage,2022-06-17T14:47:16.096Z,0.0,,WB Kids,0.0,0,0,
niiiLDnuRgg,35.0,NA,homepage,2022-06-17T14:47:16.109Z,0.0,,Juju Fitcats,0.0,0,0,
AGINmVnr734,36.0,NA,homepage,2022-06-17T14:47:16.123Z,0.0,,Nota Bene,0.0,0,0,
36YnV9STBqc,37.0,NA,homepage,2022-06-17T14:47:16.135Z,0.0,,The Good Life Radio x Sensual Musique,0.0,0,0,
eizMA9Nk-5Q,38.0,NA,homepage,2022-06-17T14:47:16.159Z,0.0,,Aminematue,0.0,0,0,
sLfqapBIqME,39.0,NA,homepage,2022-06-17T14:47:16.189Z,0.0,,Soolking Officiel,0.0,0,0,
eIU8uAR-TJM,40.0,NA,homepage,2022-06-17T14:47:16.215Z,0.0,,TKHD,0.0,0,0,
JbyXJO_yin4,41.0,NA,homepage,2022-06-17T14:47:16.229Z,0.0,,KOTSUMET,0.0,0,0,
Cp4Rxh1ZqzA,42.0,NA,homepage,2022-06-17T14:47:16.256Z,0.0,,Deep House Nation,0.0,0,0,
zySUlGXbXvA,43.0,NA,homepage,2022-06-17T14:47:16.272Z,0.0,,Beast Reacts,0.0,0,0,
L2wonwbmTzE,44.0,NA,homepage,2022-06-17T14:47:16.287Z,0.0,,Amixem,0.0,0,0,
sDz7EfYodjg,45.0,NA,homepage,2022-06-17T14:47:16.304Z,0.0,,Sud Radio,0.0,0,0,
vTkUlqFqWpc,46.0,NA,homepage,2022-06-17T14:47:16.319Z,0.0,,JAZZ & BLUES,0.0,0,0,
oerRDDPMFD0,47.0,NA,homepage,2022-06-17T14:47:16.330Z,0.0,,Origines Media,0.0,0,0,
YXMeRdHP5Mc,48.0,NA,homepage,2022-06-17T14:47:16.343Z,0.0,,DAM - Documentaires Auto / Moto,0.0,0,0,
XnitQYkYYcw,49.0,NA,homepage,2022-06-17T14:47:16.362Z,0.0,,FailArmy,0.0,0,0,
irmjkT-cu9I,50.0,NA,homepage,2022-06-17T14:47:16.379Z,0.0,,JOYCA,0.0,0,0,
N5_huaN1mGk,51.0,NA,homepage,2022-06-17T14:47:16.394Z,0.0,,CANAL+,0.0,0,0,
k4TtUMQ0Mz4,52.0,NA,homepage,2022-06-17T14:47:16.408Z,0.0,,CBS Evening News,0.0,0,0,
dz0dEzAHKUo,53.0,NA,homepage,2022-06-17T14:47:16.422Z,0.0,,Le Dessous des Cartes - ARTE,0.0,0,0,
eB2OpurOFhk,54.0,NA,homepage,2022-06-17T14:47:16.436Z,0.0,,World of Idiots,0.0,0,0,
4TWR90KJl84,55.0,NA,homepage,2022-06-17T14:47:16.450Z,0.0,,SMTOWN,0.0,0,0,
gmcZ7oFZm90,56.0,NA,homepage,2022-06-17T14:47:16.464Z,0.0,,Wankil Studio - Laink et Terracid,0.0,0,0,
9Auq9mYxFEE,57.0,NA,homepage,2022-06-17T14:47:16.482Z,0.0,,Sky News,0.0,0,0,
2BmGMi0IEx4,58.0,NA,homepage,2022-06-17T14:47:16.498Z,0.0,,Odd Tinkering,0.0,0,0,
1FBNIVQXhPc,59.0,NA,homepage,2022-06-17T14:47:16.515Z,0.0,,Enjoy Yourself,0.0,0,0,
a5vg_Yi42Ok,60.0,NA,homepage,2022-06-17T14:47:16.537Z,0.0,,Scuba Jake,0.0,0,0,
8f8Jqz4S-lA,61.0,NA,homepage,2022-06-17T14:47:16.555Z,0.0,,Nota Bene,0.0,0,0,
IYZZUjSsOpg,62.0,NA,homepage,2022-06-17T14:47:16.571Z,0.0,,Mcfly et Carlito,0.0,0,0,
PTq2UquSqe4,63.0,NA,homepage,2022-06-17T14:47:16.588Z,0.0,,Benjamin Verrecchia,0.0,0,0,
ktMlWTd8cak,64.0,NA,homepage,2022-06-17T14:47:16.599Z,0.0,,Karolina Protsenko Violin,0.0,0,0,
W86cTIoMv2U,65.0,NA,homepage,2022-06-17T14:47:16.613Z,0.0,,BBC,0.0,0,0,
QrqVKAPHZjM,66.0,NA,homepage,2022-06-17T14:47:16.633Z,0.0,,SQUEEZIE,0.0,0,0,
aCHCPuUMkXg,67.0,NA,homepage,2022-06-17T14:47:16.657Z,0.0,,52 minutes,0.0,0,0,
lp2QQT2wOlk,68.0,NA,homepage,2022-06-17T14:47:16.687Z,0.0,,Baladas Romanticas Éxitos,0.0,0,0,
3-7awEoj6Ck,69.0,NA,homepage,2022-06-17T14:47:16.703Z,0.0,,Québec Test,0.0,0,0,
5qap5aO4i9A,70.0,NA,homepage,2022-06-17T14:47:16.713Z,0.0,,Lofi Girl,0.0,0,0,
V1ZR0WNEiTQ,71.0,NA,homepage,2022-06-17T14:47:16.729Z,0.0,,SQUEEZIE GAMING,0.0,0,0,
xphwtv6N_nk,72.0,NA,homepage,2022-06-17T14:47:16.747Z,0.0,,Positive Energy Relaxation Music,0.0,0,0,
KTt9aBki5UM,73.0,NA,homepage,2022-06-17T14:47:16.765Z,0.0,,Minibricks craft,0.0,0,0,
YjB0EtL6iUw,74.0,NA,homepage,2022-06-17T14:47:16.776Z,0.0,,Ridddle,0.0,0,0,
gdcEUoEDLL4,75.0,NA,homepage,2022-06-17T14:47:16.788Z,0.0,,Charlotte Pouget,0.0,0,0,
w8_sP9UVeww,76.0,NA,homepage,2022-06-17T14:47:16.829Z,0.0,,Radio Rock Music,0.0,0,0,
JXqI8JfQXnE,77.0,NA,homepage,2022-06-17T14:47:16.860Z,0.0,,Merve,0.0,0,0,
wPy6musbUUc,78.0,NA,homepage,2022-06-17T14:47:16.885Z,0.0,,ArtSoccer,0.0,0,0,
vNpl-M3_9_o,79.0,NA,homepage,2022-06-17T14:47:16.908Z,0.0,,PNL,0.0,0,0,
5D8KR6_wPU0,80.0,NA,homepage,2022-06-17T14:47:16.930Z,0.0,,Acoustic Greatest Hits.,0.0,0,0,
QQI-EMeOg1c,81.0,NA,homepage,2022-06-17T14:47:16.953Z,0.0,,Le Média,0.0,0,0,
3pt7paDuVo4,82.0,NA,homepage,2022-06-17T14:47:16.973Z,0.0,,Les Kassos,0.0,0,0,
fKlX47rrFUc,83.0,NA,homepage,2022-06-17T14:47:16.991Z,0.0,,Deep Mood.,0.0,0,0,
c3L0fbtftRY,84.0,NA,homepage,2022-06-17T14:47:17.012Z,0.0,,Online Alarm Kur,0.0,0,0,
qPcm7Q6e0ZM,85.0,NA,homepage,2022-06-17T14:47:17.036Z,0.0,,DirtyBiology,0.0,0,0,
oEmvfTeZ3XY,86.0,NA,homepage,2022-06-17T14:47:17.058Z,0.0,,Midnight Whiskey,0.0,0,0,
T4-rIvTEe3g,87.0,NA,homepage,2022-06-17T14:47:17.089Z,0.0,,Score 90,0.0,0,0,
LBraVzyYDKg,88.0,NA,homepage,2022-06-17T14:47:17.115Z,0.0,,SQUEEZIE,0.0,0,0,
tYf0BoFe9D8,89.0,NA,homepage,2022-06-17T14:47:17.139Z,0.0,,Mr.Heang Update,0.0,0,0,
H5S1M8pG6dU,90.0,NA,homepage,2022-06-17T14:47:17.187Z,0.0,,JoBlo Horror Trailers,0.0,0,0,
ba3ojTDNIfw,91.0,NA,homepage,2022-06-17T14:47:17.223Z,0.0,,HugoDécrypte - Actus du jour,0.0,0,0,
9ftp0hrrIDQ,92.0,NA,homepage,2022-06-17T14:47:17.250Z,0.0,,Vilebrequin,0.0,0,0,
SgW5d1OCD7Q,93.0,NA,homepage,2022-06-17T14:47:17.275Z,0.0,,Investigations et Enquêtes,0.0,0,0,
RG9TMn1FJzc,94.0,NA,homepage,2022-06-17T14:47:17.299Z,0.0,,BBC,0.0,0,0,
Q7Q8CtI9HaE,95.0,NA,homepage,2022-06-17T14:47:17.331Z,0.0,,FreeDawkins,0.0,0,0,
kgx4WGK0oNU,96.0,NA,homepage,2022-06-17T14:47:17.359Z,0.0,,阿鲍Abao,0.0,0,0,
5mGsgSv3yLs,97.0,NA,homepage,2022-06-17T14:47:17.388Z,0.0,,Lolywood,0.0,0,0,
Aa7QJWip2Os,98.0,NA,homepage,2022-06-17T14:47:17.412Z,0.0,,M A R V I N Atmoss'vert,0.0,0,0,
C5BBoMLZc08,99.0,NA,homepage,2022-06-17T14:47:17.446Z,0.0,,Mentissa Musique,0.0,0,0,
gdsUKphmB3Y,100.0,NA,homepage,2022-06-17T14:47:17.477Z,0.0,,NFL,0.0,0,0,
IPb06JfIHLE,101.0,NA,homepage,2022-06-17T14:47:17.504Z,0.0,,Sud Radio,0.0,0,0,
Prq99rwQjTI,102.0,NA,homepage,2022-06-17T14:47:17.538Z,0.0,,Benjamin Verrecchia,0.0,0,0,
zGH5sxyoVZU,103.0,NA,homepage,2022-06-17T14:47:17.563Z,0.0,,52 minutes,0.0,0,0,
vilRUEgkHGI,104.0,NA,homepage,2022-06-17T14:47:17.593Z,0.0,,Music Life,0.0,0,0,
AwT9FhgFiXc,105.0,NA,homepage,2022-06-17T14:47:17.615Z,0.0,,Soso Maness,0.0,0,0,
mU_pjDI32kw,106.0,NA,homepage,2022-06-17T14:47:17.648Z,0.0,,France Inter,0.0,0,0,
WPni755-Krg,107.0,NA,homepage,2022-06-17T14:47:17.682Z,0.0,,Yellow Brick Cinema - Relaxing Music,0.0,0,0,
yjKDe_t9vmI,108.0,NA,homepage,2022-06-17T14:47:17.714Z,0.0,,Les Dalton,0.0,0,0,
HL8Er3cP2b4,109.0,NA,homepage,2022-06-17T14:47:17.735Z,0.0,,Xiimo,0.0,0,0,
u71rqOw61uU,110.0,NA,homepage,2022-06-17T14:47:17.773Z,0.0,,Yes vous aime,0.0,0,0,
P_SFdU9-370,111.0,NA,homepage,2022-06-17T14:47:17.799Z,0.0,,ARTE,0.0,0,0,
sdb0ZQX9Ezg,112.0,NA,homepage,2022-06-17T14:47:17.832Z,0.0,,Paul Mirabel,0.0,0,0,
UuRaCcVZA6c,113.0,NA,homepage,2022-06-17T14:47:17.862Z,0.0,,Music Brokers,0.0,0,0,
sT1KpjKbsTk,114.0,NA,homepage,2022-06-17T14:47:17.886Z,0.0,,Green Sound,0.0,0,0,
L8ZoGtAQ1mw,115.0,NA,homepage,2022-06-17T14:47:17.915Z,0.0,,The Weeknd,0.0,0,0,
o_ouo_PJxkw,116.0,NA,homepage,2022-06-17T14:47:17.931Z,0.0,,Amixem,0.0,0,0,
8EwtTZ4n24I,117.0,NA,homepage,2022-06-17T14:47:17.956Z,0.0,,Pierre Croce,0.0,0,0,
Q2zHOPBjx78,118.0,NA,homepage,2022-06-17T14:47:17.977Z,0.0,,mr bundesteam,0.0,0,0,
yVKC22BuV1w,119.0,NA,homepage,2022-06-17T14:47:17.992Z,0.0,,FilmsActu,0.0,0,0,
EGIb_bT_P_M,120.0,NA,homepage,2022-06-17T14:47:18.006Z,0.0,,Deep Mood.,0.0,0,0,
QSkV8-0m0SM,121.0,NA,homepage,2022-06-17T14:47:18.019Z,0.0,,Amixem,0.0,0,0,
6uVUv8gZHBE,122.0,NA,homepage,2022-06-17T14:47:18.032Z,0.0,,4K Video Nature - Focus Music,0.0,0,0,
rrvEAGYhwpc,123.0,NA,homepage,2022-06-17T14:47:18.045Z,0.0,,Le Monde à L'Envers,0.0,0,0,
GJIRZz9opnc,124.0,NA,homepage,2022-06-17T14:47:18.059Z,0.0,,Sora,0.0,0,0,
lg8hsNjTlUo,125.0,NA,homepage,2022-06-17T14:47:18.073Z,0.0,,Le Monde,0.0,0,0,
HjBcMHmWnwU,126.0,NA,homepage,2022-06-17T14:47:18.083Z,0.0,,Documentaire Société,0.0,0,0,
pletdAmEGpM,127.0,NA,homepage,2022-06-17T14:47:18.099Z,0.0,,Linca TV,0.0,0,0,
IUXNiDJJ_9s,128.0,NA,homepage,2022-06-17T14:47:18.113Z,0.0,,The Timer,0.0,0,0,
PigQ8Sisg6c,129.0,NA,homepage,2022-06-17T14:47:18.127Z,0.0,,NRJ Hits,0.0,0,0,
P8OWqf62KdQ,130.0,NA,homepage,2022-06-17T14:47:18.140Z,0.0,,THEODORT,0.0,0,0,
pPbLtSjFlgE,131.0,NA,homepage,2022-06-17T14:47:18.157Z,0.0,,NBA Extra - beIN SPORTS France,0.0,0,0,
0Qr7sP7G5RQ,132.0,NA,homepage,2022-06-17T14:47:18.170Z,0.0,,Marwa Loud,0.0,0,0,
CpZBJZYJKFE,133.0,NA,homepage,2022-06-17T14:47:18.182Z,0.0,,Cyprien,0.0,0,0,
lTRiuFIWV54,134.0,NA,homepage,2022-06-17T14:47:18.198Z,0.0,,Lofi Girl,0.0,0,0,
WHetpghmQRk,135.0,NA,homepage,2022-06-17T14:47:18.211Z,0.0,,France Inter,0.0,0,0,
uZJViaajQWE,136.0,NA,homepage,2022-06-17T14:47:18.224Z,0.0,,Amixem,0.0,0,0,
ivyAsuKzM9Y,137.0,NA,homepage,2022-06-17T14:47:18.241Z,0.0,,BLING !,0.0,0,0,
Hwybp38GnZw,138.0,NA,homepage,2022-06-17T14:47:18.251Z,0.0,,MrBeast,0.0,0,0,
n9UOSwmARx4,139.0,NA,homepage,2022-06-17T14:47:18.273Z,0.0,,L'atelier de Roxane,0.0,0,0,
cMzyLBuFm4A,140.0,NA,homepage,2022-06-17T14:47:18.288Z,0.0,,Wonderful Time,0.0,0,0,
sUwD3GRPJos,141.0,NA,homepage,2022-06-17T14:47:18.305Z,0.0,,阿鲍Abao,0.0,0,0,
ir1QVlEBonA,142.0,NA,homepage,2022-06-17T14:47:18.344Z,0.0,,THEODORT,0.0,0,0,
DhuYcCcKqAI,143.0,NA,homepage,2022-06-17T14:47:18.362Z,0.0,,Les Duos Impossibles de Jérémy Ferrari,0.0,0,0,
5khwmyPItxE,144.0,NA,homepage,2022-06-17T14:47:18.373Z,0.0,,Hooper Highlights,0.0,0,0,
3XsEb7onPTA,145.0,NA,homepage,2022-06-17T14:47:18.389Z,0.0,,Mastu,0.0,0,0,
WAdOOQo_NLA,146.0,NA,homepage,2022-06-17T14:47:18.400Z,0.0,,DORETDEPLATINE,0.0,0,0,
VlTj6GFM7vU,147.0,NA,homepage,2022-06-17T14:47:18.420Z,0.0,,Tranquil Relax,0.0,0,0,
9sLiQ7DKJ2g,148.0,NA,homepage,2022-06-17T14:47:18.433Z,0.0,,Popcorn,0.0,0,0,
9b9V_p_AK60,149.0,NA,homepage,2022-06-17T14:47:18.446Z,0.0,,Gaet74.yamahadt,0.0,0,0,
TZLamAVJ_qU,150.0,NA,homepage,2022-06-17T14:47:18.460Z,0.0,,Konbini,0.0,0,0,
-sd8ZEUTxxk,151.0,NA,homepage,2022-06-17T14:47:18.473Z,0.0,,Gentleman,0.0,0,0,
32dGIHCzbfE,152.0,NA,homepage,2022-06-17T14:47:18.483Z,0.0,,Mimi Lofi Chill,0.0,0,0,
i4yTQG1jYkY,153.0,NA,homepage,2022-06-17T14:47:18.497Z,0.0,,SQUEEZIE,0.0,0,0,
n61ULEU7CO0,154.0,NA,homepage,2022-06-17T14:47:18.506Z,0.0,,Lofi Girl,0.0,0,0,
_1OBYqJ1PFI,155.0,NA,homepage,2022-06-17T14:47:18.532Z,0.0,,SQUEEZIE GAMING,0.0,0,0,
BGnJtst5fSI,156.0,NA,homepage,2022-06-17T14:47:18.560Z,0.0,,Mastulipe,0.0,0,0,
L_lqbfoSO-I,157.0,NA,homepage,2022-06-17T14:47:18.580Z,0.0,,Noholito,0.0,0,0,
2gwXQc78z-I,158.0,NA,homepage,2022-06-17T14:47:18.611Z,0.0,,SQUEEZIE,0.0,0,0,
LNhTFYZQb3A,159.0,NA,homepage,2022-06-17T14:47:18.628Z,0.0,,Amixem,0.0,0,0,
47H7E3ccFmg,160.0,NA,homepage,2022-06-17T14:47:18.645Z,0.0,,FastGoodCuisine,0.0,0,0,
oXwNwVMsRi0,161.0,NA,homepage,2022-06-17T14:47:18.661Z,0.0,,Cyprien,0.0,0,0,
gKyyck_IKXA,162.0,NA,homepage,2022-06-17T14:47:18.674Z,0.0,,Le Monde à L'Envers,0.0,0,0,
XUFoHvXry5c,163.0,NA,homepage,2022-06-17T14:47:18.683Z,0.0,,Fuze III,0.0,0,0,
QrEUokvKCuQ,164.0,NA,homepage,2022-06-17T14:47:18.696Z,0.0,,Amixem,0.0,0,0,
CcEJAJhyI8c,165.0,NA,homepage,2022-06-17T14:47:18.708Z,0.0,,Morgan VS,0.0,0,0,
eav2AFzuLF8,166.0,NA,homepage,2022-06-17T14:47:18.718Z,0.0,,Mcfly et Carlito,0.0,0,0,
7H7ZzB-fWUg,167.0,NA,homepage,2022-06-17T14:47:18.731Z,0.0,,Le Monde à L'Envers,0.0,0,0,
492jSggcOsI,168.0,NA,homepage,2022-06-17T14:47:18.742Z,0.0,,Clique TV,0.0,0,0,
ep4Zs9PxUc0,169.0,NA,homepage,2022-06-17T14:47:18.760Z,0.0,,Amixem,0.0,0,0,
9OnRoUYG0Sw,170.0,NA,homepage,2022-06-17T14:47:18.772Z,0.0,,THEODORT,0.0,0,0,
z_B5WT_vOs0,171.0,NA,homepage,2022-06-17T14:47:18.781Z,0.0,,SQUEEZIE,0.0,0,0,
x3EYHOfkLbQ,172.0,NA,homepage,2022-06-17T14:47:18.791Z,0.0,,Tibo InShape,0.0,0,0,
1_6uHyWJWjc,173.0,NA,homepage,2022-06-17T14:47:18.800Z,0.0,,Juju Def,0.0,0,0,
_2PspWe17Iw,174.0,NA,homepage,2022-06-17T14:47:18.854Z,0.0,,Amixem,0.0,0,0,
4o8Qk1NUiyQ,175.0,NA,homepage,2022-06-17T14:47:18.873Z,0.0,,Greg Guillotin,0.0,0,0,
cLqLAqfexkc,176.0,NA,homepage,2022-06-17T14:47:18.888Z,0.0,,Just Riadh,0.0,0,0,
V4AbE19Po7w,177.0,NA,homepage,2022-06-17T14:47:18.917Z,0.0,,MacMilos,0.0,0,0,
FvhxAKxON8E,178.0,NA,homepage,2022-06-17T14:47:18.946Z,0.0,,Le Monde à L'Envers,0.0,0,0,
zIXe1UxUrOw,179.0,NA,homepage,2022-06-17T14:47:18.964Z,0.0,,Amixem,0.0,0,0,
baRuxYrO1rE,180.0,NA,homepage,2022-06-17T14:47:18.988Z,0.0,,Kevin Tran L'Empereur,0.0,0,0,
4X2FZhD0gUo,181.0,NA,homepage,2022-06-17T14:47:19.020Z,0.0,,SQUEEZIE GAMING,0.0,0,0,
flUZ5qaDbFk,182.0,NA,homepage,2022-06-17T14:47:19.060Z,0.0,,Inoxtag,0.0,0,0,
kHvWI7eeLJU,183.0,NA,homepage,2022-06-17T14:47:19.089Z,0.0,,Pierre Croce,0.0,0,0,
eOOIoY2oVsw,184.0,NA,homepage,2022-06-17T14:47:19.114Z,0.0,,Amixem,0.0,0,0,
la3zj5TNkoE,185.0,NA,homepage,2022-06-17T14:47:19.139Z,0.0,,Neoxi,0.0,0,0,
Dg3UB2rzZpc,186.0,NA,homepage,2022-06-17T14:47:19.174Z,0.0,,THEODORT,0.0,0,0,
kr0EHZOUTbs,187.0,NA,homepage,2022-06-17T14:47:19.217Z,0.0,,SQUEEZIE,0.0,0,0,
j4Xp8IpVa-o,188.0,NA,homepage,2022-06-17T14:47:19.257Z,0.0,,Amixem,0.0,0,0,
EJcrlhejbyw,189.0,NA,homepage,2022-06-17T14:47:19.296Z,0.0,,Amixem,0.0,0,0,
fJyqcV4YYSU,190.0,NA,homepage,2022-06-17T14:47:19.328Z,0.0,,Amixem,0.0,0,0,
C61iF3RNClY,191.0,NA,homepage,2022-06-17T14:47:19.349Z,0.0,,Pidi,0.0,0,0,
JrB-uQhVtNE,192.0,NA,homepage,2022-06-17T14:47:19.378Z,0.0,,DENYZEE,0.0,0,0,
tOuSeGcWLX8,193.0,NA,homepage,2022-06-17T14:47:19.399Z,0.0,,Henry Tran,0.0,0,0,
ojuSVT-wo5c,194.0,NA,homepage,2022-06-17T14:47:19.426Z,0.0,,Kalash972,0.0,0,0,
7Lp9clJSB7E,195.0,NA,homepage,2022-06-17T14:47:19.462Z,0.0,,Aya Nakamura,0.0,0,0,
fo-Zr-t46aI,196.0,NA,homepage,2022-06-17T14:47:19.494Z,0.0,,Tayc,0.0,0,0,
OSQKThfBjXc,197.0,NA,homepage,2022-06-17T14:47:19.523Z,0.0,,JOYCA,0.0,0,0,
FQVwrMnYYsA,198.0,NA,homepage,2022-06-17T14:47:19.560Z,0.0,,Vilebrequin,0.0,0,0,
AJRrJ0ge6oE,199.0,NA,homepage,2022-06-17T14:47:19.595Z,0.0,,Rap Univers ♪,0.0,0,0,
_EvMYEfF_hQ,200.0,NA,homepage,2022-06-17T14:47:19.627Z,0.0,,WIRED,0.0,0,0,
P-S6i3neYhY,201.0,NA,homepage,2022-06-17T14:47:19.649Z,0.0,,Unspeakable,0.0,0,0,
MqiljVyq_1o,202.0,NA,homepage,2022-06-17T14:47:19.677Z,0.0,,Tiakola,0.0,0,0,
l93T0o-oPbw,203.0,NA,homepage,2022-06-17T14:47:19.694Z,0.0,,LFC Liverpool,0.0,0,0,
Zak_e_QB4OU,204.0,NA,homepage,2022-06-17T14:47:19.714Z,0.0,,Michelle Khare,0.0,0,0,
Cwu0NmzrsUc,205.0,NA,homepage,2022-06-17T14:47:19.734Z,0.0,,Mastu,0.0,0,0,
Om9y6jW8SPo,206.0,NA,homepage,2022-06-17T14:47:19.747Z,0.0,,SQUEEZIE GAMING,0.0,0,0,
rGJQDClVens,207.0,NA,homepage,2022-06-17T14:47:19.762Z,0.0,,GMK,0.0,0,0,
HRPKsEPmn80,208.0,NA,homepage,2022-06-17T14:47:19.780Z,0.0,,Le Parisien,0.0,0,0,
THCY2tP-PRc,209.0,NA,homepage,2022-06-17T14:47:19.800Z,0.0,,Redlist Mixes - France,0.0,0,0,
JUm5v8mp9jY,210.0,NA,homepage,2022-06-17T14:47:19.816Z,0.0,,Abdoulaye Sarr,0.0,0,0,
uxz0sl0VJ8o,211.0,NA,homepage,2022-06-17T14:47:19.837Z,0.0,,France Inter,0.0,0,0,
Rkcfbbo0eFw,212.0,NA,homepage,2022-06-17T14:47:19.851Z,0.0,,thierry vigneau Boiserie,0.0,0,0,
DgiJES5JSgM,213.0,NA,homepage,2022-06-17T14:47:19.877Z,0.0,,Henry Tran,0.0,0,0,
7sDNUxmeqLo,214.0,NA,homepage,2022-06-17T14:47:19.896Z,0.0,,Ça commence aujourd'hui,0.0,0,0,
5faX9inj3po,215.0,NA,homepage,2022-06-17T14:47:19.920Z,0.0,,King Food 킹푸드,0.0,0,0,
YDhUMt0aDEQ,216.0,NA,homepage,2022-06-17T14:47:19.944Z,0.0,, Irene & Alex Wolk / Spa Massage Music World ,0.0,0,0,
yMVQFn7n1dw,217.0,NA,homepage,2022-06-17T14:47:19.962Z,0.0,,CYRILmp4,0.0,0,0,
dWtG6DFFb1E,218.0,NA,homepage,2022-06-17T14:47:19.980Z,0.0,,Le Monde,0.0,0,0,
teev-T3CVSA,219.0,NA,homepage,2022-06-17T14:47:19.996Z,0.0,,Studio Bagel,0.0,0,0,
q0Z21gFldok,220.0,NA,homepage,2022-06-17T14:47:20.010Z,0.0,,Juju Fitcats,0.0,0,0,
L9rQsdS7FtU,221.0,NA,homepage,2022-06-17T14:47:20.036Z,0.0,,Petit Ours Brun,0.0,0,0,
_UQVmpStu08,222.0,NA,homepage,2022-06-17T14:47:20.054Z,0.0,,Band Jornalismo,0.0,0,0,
GsbkPnKvdq4,223.0,NA,homepage,2022-06-17T14:47:20.093Z,0.0,,Inoxtag,0.0,0,0,
JuzPSBz-ClA,224.0,NA,homepage,2022-06-17T14:47:20.130Z,0.0,,Portraits du Monde,0.0,0,0,
QLM02vCl6rE,225.0,NA,homepage,2022-06-17T14:47:20.157Z,0.0,,Leto,0.0,0,0,
6cV1MJBleEY,226.0,NA,homepage,2022-06-17T14:47:20.174Z,0.0,,ItsFunneh,0.0,0,0,
0h_n4SgJ2t8,227.0,NA,homepage,2022-06-17T14:47:20.200Z,0.0,,TODAY,0.0,0,0,
7A2BUAnqbUw,228.0,NA,homepage,2022-06-17T14:47:20.224Z,0.0,,C à vous,0.0,0,0,
D1PiHxUL8L0,229.0,NA,homepage,2022-06-17T14:47:20.240Z,0.0,,Manga Workout,0.0,0,0,
P-Cly2fOoas,230.0,NA,homepage,2022-06-17T14:47:20.278Z,0.0,,Téléfoot,0.0,0,0,
F4qj2h1c5jY,231.0,NA,homepage,2022-06-17T14:47:20.310Z,0.0,,Rap Univers ♪,0.0,0,0,
ZRS18s-K4nI,232.0,NA,homepage,2022-06-17T14:47:20.340Z,0.0,,Bigflo et Oli,0.0,0,0,
6QFMSeMf6XM,233.0,NA,homepage,2022-06-17T14:47:20.372Z,0.0,,Le Parisien,0.0,0,0,
nsnyl8llfH4,234.0,NA,homepage,2022-06-17T14:47:20.411Z,0.0,,Mark Rober,0.0,0,0,
i2WfVyUNMsY,235.0,NA,homepage,2022-06-17T14:47:20.454Z,0.0,,Investigations et Enquêtes,0.0,0,0,
xC8fNydumzs,236.0,NA,homepage,2022-06-17T14:47:20.495Z,0.0,,DORETDEPLATINE,0.0,0,0,
DnsaRBi093Q,237.0,NA,homepage,2022-06-17T14:47:20.540Z,0.0,,Daniel Ricciardo,0.0,0,0,
x3NfOl-PvaU,238.0,NA,homepage,2022-06-17T14:47:20.578Z,0.0,,Blippi - Educational Videos for Kids,0.0,0,0,
YQG95_nzRsY,239.0,NA,homepage,2022-06-17T14:47:20.614Z,0.0,,하자Do,0.0,0,0,
oPWGcx6t-A4,240.0,NA,homepage,2022-06-17T14:47:20.645Z,0.0,,COLORS,0.0,0,0,
d0qPyg93JxQ,241.0,NA,homepage,2022-06-17T14:47:20.689Z,0.0,,World Friends,0.0,0,0,
gKnI2-gE3Yc,242.0,NA,homepage,2022-06-17T14:47:20.729Z,0.0,,Fuze III,0.0,0,0,
78HCWtnNnwc,243.0,NA,homepage,2022-06-17T14:47:20.756Z,0.0,,Konbini,0.0,0,0,
XZ3dud0HkGs,244.0,NA,homepage,2022-06-17T14:47:20.785Z,0.0,,FGTeeV,0.0,0,0,
SfhvdONhFe4,245.0,NA,homepage,2022-06-17T14:47:20.813Z,0.0,,SQUEEZIE GAMING,0.0,0,0,
ogSh-S_2qII,246.0,NA,homepage,2022-06-17T14:47:20.829Z,0.0,,Touche pas à mon poste !,0.0,0,0,
QG_yHZDlFqE,247.0,NA,homepage,2022-06-17T14:47:20.851Z,0.0,,orelsan,0.0,0,0,
W5F9LxAgja8,248.0,NA,homepage,2022-06-17T14:47:20.875Z,0.0,,Lou Musique Officiel,0.0,0,0,
Bny5JLPn7dQ,249.0,NA,homepage,2022-06-17T14:47:20.914Z,0.0,,HugoDécrypte - Actus du jour,0.0,0,0,
uBDxPRi0OoU,250.0,NA,homepage,2022-06-17T14:47:20.959Z,0.0,,KIDA,0.0,0,0,
9xIEydK5LBo,251.0,NA,homepage,2022-06-17T14:47:20.990Z,0.0,,LeBouseuh,0.0,0,0,
NT6PxR6HYWI,252.0,NA,homepage,2022-06-17T14:47:21.019Z,0.0,,JEAN-LUC MÉLENCHON,0.0,0,0,
NGw7kP1tLeg,253.0,NA,homepage,2022-06-17T14:47:21.046Z,0.0,,INA Arditube,0.0,0,0,
ij6ghjhI0mQ,254.0,NA,homepage,2022-06-17T14:47:21.082Z,0.0,,SSSniperWolf,0.0,0,0,
0hDmmHBipzk,255.0,NA,homepage,2022-06-17T14:47:21.113Z,0.0,,ROMY,0.0,0,0,
eFlTg4WUWDs,256.0,NA,homepage,2022-06-17T14:47:21.133Z,0.0,,Le Parisien,0.0,0,0,
THqiA1U-lAo,257.0,NA,homepage,2022-06-17T14:47:21.169Z,0.0,,Charles Leclerc,0.0,0,0,
fkU1BZ4JoI8,258.0,NA,homepage,2022-06-17T14:47:21.203Z,0.0,,Lucas Studio,0.0,0,0,
gCGKA-HBlrc,259.0,NA,homepage,2022-06-17T14:47:21.231Z,0.0,,Ryan's World,0.0,0,0,
uIFDHw5q3fc,260.0,NA,homepage,2022-06-17T14:47:21.267Z,0.0,,HugoDécrypte - Actus du jour,0.0,0,0,
M7xQEdKHtv0,261.0,NA,homepage,2022-06-17T14:47:21.308Z,0.0,,DJ Snake,0.0,0,0,
kPHt-ijd8PI,262.0,NA,homepage,2022-06-17T14:47:21.328Z,0.0,,GOTAGA,0.0,0,0,
UeWpN335lUw,263.0,NA,homepage,2022-06-17T14:47:21.370Z,0.0,,SSSniperWolf,0.0,0,0,
rTF3oWIGalM,264.0,NA,homepage,2022-06-17T14:47:21.384Z,0.0,,Monde des Titounis,0.0,0,0,
ZdKFQ_YH6dI,265.0,NA,homepage,2022-06-17T14:47:21.405Z,0.0,,HugoDécrypte - Actus du jour,0.0,0,0,
Rhn5MwrDGZ4,266.0,NA,homepage,2022-06-17T14:47:21.441Z,0.0,,Les Patapons,0.0,0,0,
-6eqHN2OVyw,267.0,NA,homepage,2022-06-17T14:47:21.472Z,0.0,,Lofi Girl,0.0,0,0,
88n_RO7nrWM,268.0,NA,homepage,2022-06-17T14:47:21.493Z,0.0,,Debbie Crown,0.0,0,0,
3VNEOVsiTSM,269.0,NA,homepage,2022-06-17T14:47:21.525Z,0.0,,tvOneNews ,0.0,0,0,
2EbkYUh8bBE,270.0,NA,homepage,2022-06-17T14:47:21.545Z,0.0,,Vlad ve Nikita,0.0,0,0,
4rBEePA0Zbo,271.0,NA,homepage,2022-06-17T14:47:21.571Z,0.0,,INA Officiel,0.0,0,0,
XWiCVvnug98,272.0,NA,homepage,2022-06-17T14:47:21.607Z,0.0,,TGRT Haber TV,0.0,0,0,
WrqS2v6ZwsU,273.0,NA,homepage,2022-06-17T14:47:21.630Z,0.0,,LES VERMINES,0.0,0,0,
18u4LEipxYU,274.0,NA,homepage,2022-06-17T14:47:21.659Z,0.0,,COPE,0.0,0,0,
3OLFhg4Rsrs,275.0,NA,homepage,2022-06-17T14:47:21.691Z,0.0,,Tibo InShape,0.0,0,0,
-dyyExZLAJ4,276.0,NA,homepage,2022-06-17T14:47:21.724Z,0.0,,Merry Margo Live,0.0,0,0,
Ba44js56nF4,277.0,NA,homepage,2022-06-17T14:47:21.754Z,0.0,,LOL Network,0.0,0,0,
9BMhFmNzw-o,278.0,NA,homepage,2022-06-17T14:47:21.772Z,0.0,,Math Meeting,0.0,0,0,
ZyCCWuO0mQo,279.0,NA,homepage,2022-06-17T14:47:21.802Z,0.0,,The Slow Mo Guys,0.0,0,0,
DQSMHVz5pvI,280.0,NA,homepage,2022-06-17T14:47:21.835Z,0.0,,BOL News,0.0,0,0,
hslhxlAoOkc,281.0,NA,homepage,2022-06-17T14:47:21.851Z,0.0,,Sky News,0.0,0,0,
M0eIJ2R2lms,282.0,NA,homepage,2022-06-17T14:47:21.872Z,0.0,,Vlad ve Nikita,0.0,0,0,
sXH1JgpH2n4,283.0,NA,homepage,2022-06-17T14:47:21.889Z,0.0,,Aaj Tak HD,0.0,0,0,
vbGtni1d96A,284.0,NA,homepage,2022-06-17T14:47:21.912Z,0.0,,SQUEEZIE,0.0,0,0,
LJO4szl0xbc,285.0,NA,homepage,2022-06-17T14:47:21.938Z,0.0,,A24com,0.0,0,0,
PX9sxC7fUVI,286.0,NA,homepage,2022-06-17T14:47:21.951Z,0.0,,Le Parisien,0.0,0,0,
BiPBqaCZLcI,287.0,NA,homepage,2022-06-17T14:47:21.962Z,0.0,,Lucy мультики для детей,0.0,0,0,
UZ80xC59OD0,288.0,NA,homepage,2022-06-17T14:47:21.979Z,0.0,,Львенок Котёнок,0.0,0,0,
_DCjbTBrVxY,289.0,NA,homepage,2022-06-17T14:47:22.017Z,0.0,,GSMK Video,0.0,0,0,
cySR0N5AeVE,290.0,NA,homepage,2022-06-17T14:47:22.033Z,0.0,,Espreso.TV,0.0,0,0,
BbWoW03Dq34,291.0,NA,homepage,2022-06-17T14:47:22.073Z,0.0,,Vlad ve Nikita,0.0,0,0,
Ac5tUDHlacU,292.0,NA,homepage,2022-06-17T14:47:22.086Z,0.0,,Enes Batur,0.0,0,0,
-IHstX1sfps,293.0,NA,homepage,2022-06-17T14:47:22.117Z,0.0,,Львенок Котёнок,0.0,0,0,
,294.0,NA,homepage,2022-06-17T14:47:22.159Z,0.0,,,0.0,0,0,
gq4YMEhAYo4,0.0,NA,homepage,2022-06-17T14:47:33.966Z,1.0,,Quantastic,0.0,0,0,
ayWizCiU-tM,1.0,NA,homepage,2022-06-17T14:47:33.991Z,1.0,,Popcorn,0.0,0,0,
OwGzozxUOwc,2.0,NA,homepage,2022-06-17T14:47:34.022Z,1.0,,ARTE,0.0,0,0,
g9S2JrvftrY,3.0,NA,homepage,2022-06-17T14:47:34.046Z,1.0,,SQUEEZIE,0.0,0,0,
iw2dy6Z2FyY,4.0,NA,homepage,2022-06-17T14:47:34.070Z,1.0,,Garena Call of Duty Mobile,0.0,0,0,
36YnV9STBqc,5.0,NA,homepage,2022-06-17T14:47:34.099Z,1.0,,The Good Life Radio x Sensual Musique,0.0,0,0,
bc7HLt9-IuA,6.0,NA,homepage,2022-06-17T14:47:34.136Z,1.0,,Lena Situations,0.0,0,0,
fAssPEi5pTs,7.0,NA,homepage,2022-06-17T14:47:34.172Z,1.0,,Michou,0.0,0,0,
HYxAjLS87o0,8.0,NA,homepage,2022-06-17T14:47:34.210Z,1.0,,Chef Verrecchia,0.0,0,0,
eaNj76vkqOY,9.0,NA,homepage,2022-06-17T14:47:34.234Z,1.0,,Montreux Comedy,0.0,0,0,
AEHTde32NZY,10.0,NA,homepage,2022-06-17T14:47:34.264Z,1.0,,Fred Van Long,0.0,0,0,
niiiLDnuRgg,11.0,NA,homepage,2022-06-17T14:47:34.292Z,1.0,,Juju Fitcats,0.0,0,0,
sbriUP3Pp5s,12.0,NA,homepage,2022-06-17T14:47:34.587Z,1.0,,Roman Doduik,0.0,0,0,
YY_sMHcidAk,13.0,NA,homepage,2022-06-17T14:47:34.761Z,1.0,,Poisson Fécond,0.0,0,0,
g2-Dd51YL8o,14.0,NA,homepage,2022-06-17T14:47:35.060Z,1.0,,CHRIS,0.0,0,0,
1onBuWFzJMc,15.0,NA,homepage,2022-06-17T14:47:35.290Z,1.0,,Manga Trash,0.0,0,0,
qp19qVg-PDY,16.0,NA,homepage,2022-06-17T14:47:35.323Z,1.0,,Konbini,0.0,0,0,
m8wcMyZUT-c,17.0,NA,homepage,2022-06-17T14:47:35.356Z,1.0,,Scilabus,0.0,0,0,
QG_yHZDlFqE,18.0,NA,homepage,2022-06-17T14:47:35.394Z,1.0,,orelsan,0.0,0,0,
g-6FER9ltuA,19.0,NA,homepage,2022-06-17T14:47:35.428Z,1.0,,Benjamin Workshop,0.0,0,0,
7H7ZzB-fWUg,20.0,NA,homepage,2022-06-17T14:47:35.462Z,1.0,,Le Monde à L'Envers,0.0,0,0,
GoCASqOnyJ4,21.0,NA,homepage,2022-06-17T14:47:35.498Z,1.0,,FailArmy,0.0,0,0,
9ftp0hrrIDQ,22.0,NA,homepage,2022-06-17T14:47:35.521Z,1.0,,Vilebrequin,0.0,0,0,
0EZgRzw9vcg,23.0,NA,homepage,2022-06-17T14:47:35.543Z,1.0,,SQUEEZIE GAMING,0.0,0,0,
F4neLJQC1_E,24.0,NA,homepage,2022-06-17T14:47:35.568Z,1.0,,NPR Music,0.0,0,0,
sCrkgW1L1Qw,25.0,NA,homepage,2022-06-17T14:47:35.596Z,1.0,,Investigations et Enquêtes,0.0,0,0,
oXwNwVMsRi0,26.0,NA,homepage,2022-06-17T14:47:35.611Z,1.0,,Cyprien,0.0,0,0,
ba3ojTDNIfw,27.0,NA,homepage,2022-06-17T14:47:35.636Z,1.0,,HugoDécrypte - Actus du jour,0.0,0,0,
2rye4u-cCNk,28.0,NA,homepage,2022-06-17T14:47:35.660Z,1.0,,Official Pink Panther,0.0,0,0,
xTY0SlyVfCQ,29.0,NA,homepage,2022-06-17T14:47:35.702Z,1.0,,Ghibli Piano Music,0.0,0,0,
ix2svQ1M_sU,30.0,NA,homepage,2022-06-17T14:47:35.729Z,1.0,,Amore Animale,0.0,0,0,
zaFKG7SNbeg,31.0,NA,homepage,2022-06-17T14:47:35.759Z,1.0,,C à vous,0.0,0,0,
,32.0,NA,homepage,2022-06-17T14:47:35.791Z,1.0,,,0.0,0,0,
5mGsgSv3yLs,0.0,NA,homepage,2022-06-17T14:47:44.340Z,2.0,,Lolywood,0.0,0,0,
g9S2JrvftrY,1.0,NA,homepage,2022-06-17T14:47:44.367Z,2.0,,SQUEEZIE,0.0,0,0,
2l-JLybg1So,2.0,NA,homepage,2022-06-17T14:47:44.397Z,2.0,,PureTV,0.0,0,0,
7H7ZzB-fWUg,3.0,NA,homepage,2022-06-17T14:47:44.421Z,2.0,,Le Monde à L'Envers,0.0,0,0,
IFxZoAp0T-0,4.0,NA,homepage,2022-06-17T14:47:44.445Z,2.0,,FailArmy,0.0,0,0,
6jfvQXCwoL8,5.0,NA,homepage,2022-06-17T14:47:44.468Z,2.0,,Lena Situations,0.0,0,0,
N5_huaN1mGk,6.0,NA,homepage,2022-06-17T14:47:44.499Z,2.0,,CANAL+,0.0,0,0,
F4neLJQC1_E,7.0,NA,homepage,2022-06-17T14:47:44.528Z,2.0,,NPR Music,0.0,0,0,
sbriUP3Pp5s,8.0,NA,homepage,2022-06-17T14:47:44.558Z,2.0,,Roman Doduik,0.0,0,0,
bc7HLt9-IuA,9.0,NA,homepage,2022-06-17T14:47:44.581Z,2.0,,Lena Situations,0.0,0,0,
g2-Dd51YL8o,10.0,NA,homepage,2022-06-17T14:47:44.607Z,2.0,,CHRIS,0.0,0,0,
eaNj76vkqOY,11.0,NA,homepage,2022-06-17T14:47:44.636Z,2.0,,Montreux Comedy,0.0,0,0,
niiiLDnuRgg,12.0,NA,homepage,2022-06-17T14:47:44.664Z,2.0,,Juju Fitcats,0.0,0,0,
AEHTde32NZY,13.0,NA,homepage,2022-06-17T14:47:44.693Z,2.0,,Fred Van Long,0.0,0,0,
YY_sMHcidAk,14.0,NA,homepage,2022-06-17T14:47:44.721Z,2.0,,Poisson Fécond,0.0,0,0,
wBzRYyWdjCM,15.0,NA,homepage,2022-06-17T14:47:44.745Z,2.0,,Best Of Antoine Daniel,0.0,0,0,
HYxAjLS87o0,16.0,NA,homepage,2022-06-17T14:47:44.777Z,2.0,,Chef Verrecchia,0.0,0,0,
1onBuWFzJMc,17.0,NA,homepage,2022-06-17T14:47:44.805Z,2.0,,Manga Trash,0.0,0,0,
m8wcMyZUT-c,18.0,NA,homepage,2022-06-17T14:47:44.839Z,2.0,,Scilabus,0.0,0,0,
qp19qVg-PDY,19.0,NA,homepage,2022-06-17T14:47:44.866Z,2.0,,Konbini,0.0,0,0,
CwXjVT3-2yg,20.0,NA,homepage,2022-06-17T14:47:44.889Z,2.0,,David Castello-Lopes - L'INTÉGRALE ,0.0,0,0,
6QMNNQWhhMk,21.0,NA,homepage,2022-06-17T14:47:44.915Z,2.0,,Police Action,0.0,0,0,
Ify85eNrP_g,22.0,NA,homepage,2022-06-17T14:47:44.943Z,2.0,,Juju Fitcats,0.0,0,0,
kMt4JUtAnuY,23.0,NA,homepage,2022-06-17T14:47:44.971Z,2.0,,Squeezie - Rediffusions,0.0,0,0,
ayWizCiU-tM,24.0,NA,homepage,2022-06-17T14:47:44.998Z,2.0,,Popcorn,0.0,0,0,
KH13Q0Bfc0w,25.0,NA,homepage,2022-06-17T14:47:45.021Z,2.0,,Sir Gibsy,0.0,0,0,
mL70C_vav8E,26.0,NA,homepage,2022-06-17T14:47:45.048Z,2.0,,ExtremeSpace,0.0,0,0,
C35vWrIaR-M,27.0,NA,homepage,2022-06-17T14:47:45.072Z,2.0,,Wankil Studio - Laink et Terracid,0.0,0,0,
GLNtbkv4pX0,28.0,NA,homepage,2022-06-17T14:47:45.095Z,2.0,,Haa Taa Deep,0.0,0,0,
3EsosCwELN8,29.0,NA,homepage,2022-06-17T14:47:45.125Z,2.0,,Amixem,0.0,0,0,
AGINmVnr734,30.0,NA,homepage,2022-06-17T14:47:45.153Z,2.0,,Nota Bene,0.0,0,0,
9ftp0hrrIDQ,31.0,NA,homepage,2022-06-17T14:47:45.177Z,2.0,,Vilebrequin,0.0,0,0,
,32.0,NA,homepage,2022-06-17T14:47:45.205Z,2.0,,,0.0,0,0,
eO7_1hrmcgo,,NA,regular,2022-06-17T14:48:44.856Z,,,France Inter,54422.46841277272,1,1,
xEVW4DkWePU,,NA,proposal,2022-06-17T14:48:45.877Z,,,France Inter,0.0,1,1,eO7_1hrmcgo
O7WDN63CdsY,,NA,proposal,2022-06-17T14:48:45.924Z,,,France Inter,0.0,1,1,eO7_1hrmcgo
UOlSAoNeDSQ,,NA,proposal,2022-06-17T14:48:45.950Z,,,Mediapart,0.0,1,1,eO7_1hrmcgo
mU_pjDI32kw,,NA,proposal,2022-06-17T14:48:45.971Z,,,France Inter,0.0,1,1,eO7_1hrmcgo
5JHIgJYE-78,,NA,proposal,2022-06-17T14:48:46.000Z,,,France Inter,0.0,1,1,eO7_1hrmcgo
tkjSrHe51DM,,NA,proposal,2022-06-17T14:48:46.039Z,,,France Inter,0.0,1,1,eO7_1hrmcgo
jnWMlPT_gNI,,NA,proposal,2022-06-17T14:48:46.065Z,,,France Inter,0.0,1,1,eO7_1hrmcgo
9qxdKWVLr8g,,NA,proposal,2022-06-17T14:48:46.085Z,,,France Inter,0.0,1,1,eO7_1hrmcgo
TZhwsJhw_2E,,NA,proposal,2022-06-17T14:48:46.103Z,,,France Inter,0.0,1,1,eO7_1hrmcgo
aIiynHj8MH0,,NA,proposal,2022-06-17T14:48:46.125Z,,,France Inter,0.0,1,1,eO7_1hrmcgo
IVJiSOHhL4Y,,NA,proposal,2022-06-17T14:48:46.146Z,,,France Inter,0.0,1,1,eO7_1hrmcgo
KvV0Qe8FWww,,NA,proposal,2022-06-17T14:48:46.166Z,,,France Inter,0.0,1,1,eO7_1hrmcgo
M3JpaiknUVI,,NA,proposal,2022-06-17T14:48:46.194Z,,,France Inter,0.0,1,1,eO7_1hrmcgo
8k8KAfQiw_g,,NA,proposal,2022-06-17T14:48:46.246Z,,,France Inter,0.0,1,1,eO7_1hrmcgo
X_ATWai8NuY,,NA,proposal,2022-06-17T14:48:46.308Z,,,France Inter,0.0,1,1,eO7_1hrmcgo
-cD9SaEzyes,,NA,proposal,2022-06-17T14:48:46.335Z,,,France Inter,0.0,1,1,eO7_1hrmcgo
Ran4Q8ffkfU,,NA,proposal,2022-06-17T14:48:46.380Z,,,France Inter,0.0,1,1,eO7_1hrmcgo
7lT-BicoknU,,NA,proposal,2022-06-17T14:48:46.402Z,,,France Inter,0.0,1,1,eO7_1hrmcgo
I_kPXdwjG2k,,NA,proposal,2022-06-17T14:48:46.431Z,,,France Inter,0.0,1,1,eO7_1hrmcgo
uxz0sl0VJ8o,,NA,proposal,2022-06-17T14:48:46.456Z,,,France Inter,0.0,1,1,eO7_1hrmcgo
OxHbV6p2WFM,0.0,NA,homepage,2022-06-17T14:48:59.368Z,3.0,,"Alex, Charline & Guillaume",0.0,2,1,
Ny1qLGcpdjE,1.0,NA,homepage,2022-06-17T14:48:59.476Z,3.0,,RTS - Radio Télévision Suisse,0.0,2,1,
d3sdpcaMbPk,2.0,NA,homepage,2022-06-17T14:48:59.707Z,3.0,,식탁일기 table diary,0.0,2,1,
PJtORUQUrqw,3.0,NA,homepage,2022-06-17T14:48:59.925Z,3.0,,Le Monde à L'Envers,0.0,2,1,
c8O-a-E6a6k,4.0,NA,homepage,2022-06-17T14:48:59.953Z,3.0,,Rock&Rolla,0.0,2,1,
pfTGWKbPIvE,5.0,NA,homepage,2022-06-17T14:48:59.976Z,3.0,,SQUEEZIE,0.0,2,1,
xEVW4DkWePU,6.0,NA,homepage,2022-06-17T14:49:00.001Z,3.0,,France Inter,0.0,2,1,
WSBSmcOeuA0,7.0,NA,homepage,2022-06-17T14:49:00.033Z,3.0,,Vogue France,0.0,2,1,
YY_sMHcidAk,8.0,NA,homepage,2022-06-17T14:49:00.051Z,3.0,,Poisson Fécond,0.0,2,1,
HYxAjLS87o0,9.0,NA,homepage,2022-06-17T14:49:00.076Z,3.0,,Chef Verrecchia,0.0,2,1,
QG_yHZDlFqE,10.0,NA,homepage,2022-06-17T14:49:00.096Z,3.0,,orelsan,0.0,2,1,
AEHTde32NZY,11.0,NA,homepage,2022-06-17T14:49:00.116Z,3.0,,Fred Van Long,0.0,2,1,
niiiLDnuRgg,12.0,NA,homepage,2022-06-17T14:49:00.144Z,3.0,,Juju Fitcats,0.0,2,1,
g-6FER9ltuA,13.0,NA,homepage,2022-06-17T14:49:00.166Z,3.0,,Benjamin Workshop,0.0,2,1,
g2-Dd51YL8o,14.0,NA,homepage,2022-06-17T14:49:00.184Z,3.0,,CHRIS,0.0,2,1,
m8wcMyZUT-c,15.0,NA,homepage,2022-06-17T14:49:00.205Z,3.0,,Scilabus,0.0,2,1,
nKA8cnz9yyo,16.0,NA,homepage,2022-06-17T14:49:00.227Z,3.0,,Mnet K-POP,0.0,2,1,
1onBuWFzJMc,17.0,NA,homepage,2022-06-17T14:49:00.248Z,3.0,,Manga Trash,0.0,2,1,
wBzRYyWdjCM,18.0,NA,homepage,2022-06-17T14:49:00.269Z,3.0,,Best Of Antoine Daniel,0.0,2,1,
zrjqB0Bpf1E,19.0,NA,homepage,2022-06-17T14:49:00.301Z,3.0,,Mnet K-POP,0.0,2,1,
vsvWTPSDTYg,20.0,NA,homepage,2022-06-17T14:49:00.319Z,3.0,,Yes vous aime,0.0,2,1,
CYYtLXfquy0,21.0,NA,homepage,2022-06-17T14:49:00.335Z,3.0,,TrailerSpot,0.0,2,1,
AGINmVnr734,22.0,NA,homepage,2022-06-17T14:49:00.352Z,3.0,,Nota Bene,0.0,2,1,
v5pgiXol8I8,23.0,NA,homepage,2022-06-17T14:49:00.372Z,3.0,,Mcfly et Carlito,0.0,2,1,
iicfmXFALM8,24.0,NA,homepage,2022-06-17T14:49:00.396Z,3.0,,chilli music,0.0,2,1,
ayXEoKAYits,25.0,NA,homepage,2022-06-17T14:49:00.418Z,3.0,,France Inter,0.0,2,1,
2Yy7yznESLA,26.0,NA,homepage,2022-06-17T14:49:00.448Z,3.0,,Food Story,0.0,2,1,
B8_P7Oznm18,27.0,NA,homepage,2022-06-17T14:49:00.468Z,3.0,,CubeHub01,0.0,2,1,
vVqtNhm2u-U,28.0,NA,homepage,2022-06-17T14:49:00.490Z,3.0,,Vous-Savez-Qui,0.0,2,1,
IoR-qrSZ9D0,29.0,NA,homepage,2022-06-17T14:49:00.511Z,3.0,,STEEVE JURION,0.0,2,1,
gYCmNf9WVAw,30.0,NA,homepage,2022-06-17T14:49:00.541Z,3.0,,Les Duos Impossibles de Jérémy Ferrari,0.0,2,1,
amsZHX95bCU,31.0,NA,homepage,2022-06-17T14:49:00.572Z,3.0,,Quantastic,0.0,2,1,
,32.0,NA,homepage,2022-06-17T14:49:00.605Z,3.0,,,0.0,2,1,
jnWMlPT_gNI,0.0,NA,homepage,2022-06-17T14:49:10.529Z,4.0,,France Inter,0.0,2,1,
qarVkWN3t6Q,1.0,NA,homepage,2022-06-17T14:49:10.602Z,4.0,,CRU,0.0,2,1,
MumO6JXhRy8,2.0,NA,homepage,2022-06-17T14:49:10.646Z,4.0,,Documentaire Société,0.0,2,1,
Ny1qLGcpdjE,3.0,NA,homepage,2022-06-17T14:49:10.699Z,4.0,,RTS - Radio Télévision Suisse,0.0,2,1,
c8O-a-E6a6k,4.0,NA,homepage,2022-06-17T14:49:10.752Z,4.0,,Rock&Rolla,0.0,2,1,
Bt7Nf6l2OAI,5.0,NA,homepage,2022-06-17T14:49:10.783Z,4.0,,SQUEEZIE,0.0,2,1,
CYYtLXfquy0,6.0,NA,homepage,2022-06-17T14:49:10.824Z,4.0,,TrailerSpot,0.0,2,1,
OxHbV6p2WFM,7.0,NA,homepage,2022-06-17T14:49:10.853Z,4.0,,"Alex, Charline & Guillaume",0.0,2,1,
bc7HLt9-IuA,8.0,NA,homepage,2022-06-17T14:49:10.890Z,4.0,,Lena Situations,0.0,2,1,
YY_sMHcidAk,9.0,NA,homepage,2022-06-17T14:49:10.918Z,4.0,,Poisson Fécond,0.0,2,1,
HYxAjLS87o0,10.0,NA,homepage,2022-06-17T14:49:10.943Z,4.0,,Chef Verrecchia,0.0,2,1,
g-6FER9ltuA,11.0,NA,homepage,2022-06-17T14:49:10.973Z,4.0,,Benjamin Workshop,0.0,2,1,
m8wcMyZUT-c,12.0,NA,homepage,2022-06-17T14:49:10.998Z,4.0,,Scilabus,0.0,2,1,
wBzRYyWdjCM,13.0,NA,homepage,2022-06-17T14:49:11.050Z,4.0,,Best Of Antoine Daniel,0.0,2,1,
nKA8cnz9yyo,14.0,NA,homepage,2022-06-17T14:49:11.091Z,4.0,,Mnet K-POP,0.0,2,1,
d137SkCZws0,15.0,NA,homepage,2022-06-17T14:49:11.127Z,4.0,,Smells Like GASOLINE,0.0,2,1,
niiiLDnuRgg,16.0,NA,homepage,2022-06-17T14:49:11.241Z,4.0,,Juju Fitcats,0.0,2,1,
AEHTde32NZY,17.0,NA,homepage,2022-06-17T14:49:11.840Z,4.0,,Fred Van Long,0.0,2,1,
zrjqB0Bpf1E,18.0,NA,homepage,2022-06-17T14:49:12.211Z,4.0,,Mnet K-POP,0.0,2,1,
qp19qVg-PDY,19.0,NA,homepage,2022-06-17T14:49:12.550Z,4.0,,Konbini,0.0,2,1,
UvjSXBqQe4A,20.0,NA,homepage,2022-06-17T14:49:12.702Z,4.0,,Destiny,0.0,2,1,
zCrowhghLPw,21.0,NA,homepage,2022-06-17T14:49:12.809Z,4.0,,Fred Van Long,0.0,2,1,
FO6GATa2-KU,22.0,NA,homepage,2022-06-17T14:49:12.840Z,4.0,,Le Grand Cactus - RTBF,0.0,2,1,
JaGnUBYUzhA,23.0,NA,homepage,2022-06-17T14:49:12.870Z,4.0,,Armée de Terre,0.0,2,1,
mdqnu5rn3ow,24.0,NA,homepage,2022-06-17T14:49:12.904Z,4.0,,LORIS GIULIANO,0.0,2,1,
X94vQiHkLxU,25.0,NA,homepage,2022-06-17T14:49:12.928Z,4.0,,Mashup par HugoDécrypte,0.0,2,1,
Mq0M3OTqbrE,26.0,NA,homepage,2022-06-17T14:49:12.950Z,4.0,,Time Music,0.0,2,1,
5JHIgJYE-78,27.0,NA,homepage,2022-06-17T14:49:12.986Z,4.0,,France Inter,0.0,2,1,
WSBSmcOeuA0,28.0,NA,homepage,2022-06-17T14:49:13.024Z,4.0,,Vogue France,0.0,2,1,
yf_IQRKN_HA,29.0,NA,homepage,2022-06-17T14:49:13.055Z,4.0,,『The Simpsons Flex』,0.0,2,1,
uFr0YUvFSs8,30.0,NA,homepage,2022-06-17T14:49:13.096Z,4.0,,ARTE,0.0,2,1,
J5soBCRafc8,31.0,NA,homepage,2022-06-17T14:49:13.141Z,4.0,,Ça commence aujourd'hui,0.0,2,1,
,32.0,NA,homepage,2022-06-17T14:49:13.162Z,4.0,,,0.0,2,1,
1AVv0C4IPtw,0.0,NA,homepage,2022-06-17T14:49:23.235Z,5.0,,France Inter,0.0,2,1,
YOsVpoe5tzY,1.0,NA,homepage,2022-06-17T14:49:23.266Z,5.0,,Maya,0.0,2,1,
sCrkgW1L1Qw,2.0,NA,homepage,2022-06-17T14:49:23.294Z,5.0,,Investigations et Enquêtes,0.0,2,1,
bbetYpYH-gI,3.0,NA,homepage,2022-06-17T14:49:23.330Z,5.0,,Amixem,0.0,2,1,
2yNJxKqJPGo,4.0,NA,homepage,2022-06-17T14:49:23.359Z,5.0,,The Gunman RAW,0.0,2,1,
FeG-hvnF5E8,5.0,NA,homepage,2022-06-17T14:49:23.388Z,5.0,,The Tonight Show Starring Jimmy Fallon,0.0,2,1,
GHaBsS8RSJQ,6.0,NA,homepage,2022-06-17T14:49:23.421Z,5.0,,Poisson Fécond,0.0,2,1,
ekXtfwGX1-s,7.0,NA,homepage,2022-06-17T14:49:23.453Z,5.0,,France Inter,0.0,2,1,
bc7HLt9-IuA,8.0,NA,homepage,2022-06-17T14:49:23.484Z,5.0,,Lena Situations,0.0,2,1,
YY_sMHcidAk,9.0,NA,homepage,2022-06-17T14:49:23.516Z,5.0,,Poisson Fécond,0.0,2,1,
g-6FER9ltuA,10.0,NA,homepage,2022-06-17T14:49:23.543Z,5.0,,Benjamin Workshop,0.0,2,1,
8akwd0B6PZk,11.0,NA,homepage,2022-06-17T14:49:23.570Z,5.0,,Clique TV,0.0,2,1,
HYxAjLS87o0,12.0,NA,homepage,2022-06-17T14:49:23.606Z,5.0,,Chef Verrecchia,0.0,2,1,
1onBuWFzJMc,13.0,NA,homepage,2022-06-17T14:49:23.649Z,5.0,,Manga Trash,0.0,2,1,
wBzRYyWdjCM,14.0,NA,homepage,2022-06-17T14:49:23.681Z,5.0,,Best Of Antoine Daniel,0.0,2,1,
d137SkCZws0,15.0,NA,homepage,2022-06-17T14:49:23.732Z,5.0,,Smells Like GASOLINE,0.0,2,1,
m8wcMyZUT-c,16.0,NA,homepage,2022-06-17T14:49:23.777Z,5.0,,Scilabus,0.0,2,1,
zrjqB0Bpf1E,17.0,NA,homepage,2022-06-17T14:49:23.821Z,5.0,,Mnet K-POP,0.0,2,1,
nKA8cnz9yyo,18.0,NA,homepage,2022-06-17T14:49:23.879Z,5.0,,Mnet K-POP,0.0,2,1,
qp19qVg-PDY,19.0,NA,homepage,2022-06-17T14:49:23.922Z,5.0,,Konbini,0.0,2,1,
wgpg_Sz7nUg,20.0,NA,homepage,2022-06-17T14:49:23.948Z,5.0,,RTL  ,0.0,2,1,
DNCebIzSP-Q,21.0,NA,homepage,2022-06-17T14:49:23.988Z,5.0,,Maghla,0.0,2,1,
q4Owfh1GLog,22.0,NA,homepage,2022-06-17T14:49:24.022Z,5.0,,ARTE Cinema,0.0,2,1,
6kA_JSBFqhU,23.0,NA,homepage,2022-06-17T14:49:24.056Z,5.0,,ARTE,0.0,2,1,
a5bE-KFeA2o,24.0,NA,homepage,2022-06-17T14:49:24.087Z,5.0,,JEAN-LUC MÉLENCHON,0.0,2,1,
xTY0SlyVfCQ,25.0,NA,homepage,2022-06-17T14:49:24.121Z,5.0,,Ghibli Piano Music,0.0,2,1,
GLNtbkv4pX0,26.0,NA,homepage,2022-06-17T14:49:24.151Z,5.0,,Haa Taa Deep,0.0,2,1,
MYdfKvdOnM0,27.0,NA,homepage,2022-06-17T14:49:24.183Z,5.0,,LORIS GIULIANO,0.0,2,1,
ErRMumrBKAM,28.0,NA,homepage,2022-06-17T14:49:24.213Z,5.0,,Le Monde à L'Envers,0.0,2,1,
BNiTVsAlzlc,29.0,NA,homepage,2022-06-17T14:49:24.236Z,5.0,,FailArmy,0.0,2,1,
uE814BdteF4,30.0,NA,homepage,2022-06-17T14:49:24.266Z,5.0,,INA Société,0.0,2,1,
5JHIgJYE-78,31.0,NA,homepage,2022-06-17T14:49:24.295Z,5.0,,France Inter,0.0,2,1,
,32.0,NA,homepage,2022-06-17T14:49:24.970Z,5.0,,,0.0,2,1,
I_kPXdwjG2k,,NA,regular,2022-06-17T14:50:14.513Z,,,France Inter,45527.934241648865,3,2,
znOjkajTCKI,,NA,proposal,2022-06-17T14:50:15.041Z,,,Journal lHumanité,0.0,3,2,I_kPXdwjG2k
wgpg_Sz7nUg,,NA,proposal,2022-06-17T14:50:15.056Z,,,RTL  ,0.0,3,2,I_kPXdwjG2k
4R7aMuv1nOg,,NA,proposal,2022-06-17T14:50:15.065Z,,,Mediapart,0.0,3,2,I_kPXdwjG2k
mU_pjDI32kw,,NA,proposal,2022-06-17T14:50:15.076Z,,,France Inter,0.0,3,2,I_kPXdwjG2k
5JHIgJYE-78,,NA,proposal,2022-06-17T14:50:15.101Z,,,France Inter,0.0,3,2,I_kPXdwjG2k
O7WDN63CdsY,,NA,proposal,2022-06-17T14:50:15.119Z,,,France Inter,0.0,3,2,I_kPXdwjG2k
jcAuDxNVFCQ,,NA,proposal,2022-06-17T14:50:15.128Z,,,France Inter,0.0,3,2,I_kPXdwjG2k
Wpq3iQ0jBj8,,NA,proposal,2022-06-17T14:50:15.137Z,,,BFMTV,0.0,3,2,I_kPXdwjG2k
eO7_1hrmcgo,,NA,proposal,2022-06-17T14:50:15.145Z,,,France Inter,0.0,3,2,I_kPXdwjG2k
1z9tFJSuHgo,,NA,proposal,2022-06-17T14:50:15.156Z,,,franceinfo,0.0,3,2,I_kPXdwjG2k
dWtG6DFFb1E,,NA,proposal,2022-06-17T14:50:15.164Z,,,Le Monde,0.0,3,2,I_kPXdwjG2k
rv6HffhzaAE,,NA,proposal,2022-06-17T14:50:15.174Z,,,France Culture,0.0,3,2,I_kPXdwjG2k
YaDMYljyof0,,NA,proposal,2022-06-17T14:50:15.183Z,,,France Inter,0.0,3,2,I_kPXdwjG2k
mogP5dTXVLQ,,NA,proposal,2022-06-17T14:50:15.192Z,,,France Inter,0.0,3,2,I_kPXdwjG2k
biYX8RMl0RY,,NA,proposal,2022-06-17T14:50:15.200Z,,,France Inter,0.0,3,2,I_kPXdwjG2k
tkjSrHe51DM,,NA,proposal,2022-06-17T14:50:15.211Z,,,France Inter,0.0,3,2,I_kPXdwjG2k
mWmu5eqraZw,,NA,proposal,2022-06-17T14:50:15.221Z,,,France Inter,0.0,3,2,I_kPXdwjG2k
94IxSYo5wtM,,NA,proposal,2022-06-17T14:50:15.231Z,,,France Inter,0.0,3,2,I_kPXdwjG2k
_jwaMNLl1hU,,NA,proposal,2022-06-17T14:50:15.253Z,,,France Inter,0.0,3,2,I_kPXdwjG2k
ayXEoKAYits,,NA,proposal,2022-06-17T14:50:15.262Z,,,France Inter,0.0,3,2,I_kPXdwjG2k
55OjGyt3Yyg,0.0,NA,homepage,2022-06-17T14:50:20.775Z,6.0,,C à vous,0.0,4,2,
_Oq8DN9o2jY,1.0,NA,homepage,2022-06-17T14:50:20.819Z,6.0,,Louis,0.0,4,2,
5JHIgJYE-78,2.0,NA,homepage,2022-06-17T14:50:20.846Z,6.0,,France Inter,0.0,4,2,
hOWUxl6swO4,3.0,NA,homepage,2022-06-17T14:50:20.858Z,6.0,,KinoCheck.com,0.0,4,2,
J4CBmaKKfzk,4.0,NA,homepage,2022-06-17T14:50:20.870Z,6.0,,Riots Revenge Music,0.0,4,2,
ySDDjBfhr6k,5.0,NA,homepage,2022-06-17T14:50:20.878Z,6.0,,Yes vous aime,0.0,4,2,
79vI1deCKmU,6.0,NA,homepage,2022-06-17T14:50:20.887Z,6.0,,Frank sans C,0.0,4,2,
K8SMYdyBzDk,7.0,NA,homepage,2022-06-17T14:50:20.896Z,6.0,,Notre Etoiles Préféré,0.0,4,2,
bc7HLt9-IuA,8.0,NA,homepage,2022-06-17T14:50:20.904Z,6.0,,Lena Situations,0.0,4,2,
g-6FER9ltuA,9.0,NA,homepage,2022-06-17T14:50:20.912Z,6.0,,Benjamin Workshop,0.0,4,2,
wBzRYyWdjCM,10.0,NA,homepage,2022-06-17T14:50:20.921Z,6.0,,Best Of Antoine Daniel,0.0,4,2,
YY_sMHcidAk,11.0,NA,homepage,2022-06-17T14:50:20.928Z,6.0,,Poisson Fécond,0.0,4,2,
1onBuWFzJMc,12.0,NA,homepage,2022-06-17T14:50:20.938Z,6.0,,Manga Trash,0.0,4,2,
qp19qVg-PDY,13.0,NA,homepage,2022-06-17T14:50:20.947Z,6.0,,Konbini,0.0,4,2,
d137SkCZws0,14.0,NA,homepage,2022-06-17T14:50:20.955Z,6.0,,Smells Like GASOLINE,0.0,4,2,
8akwd0B6PZk,15.0,NA,homepage,2022-06-17T14:50:20.962Z,6.0,,Clique TV,0.0,4,2,
QG_yHZDlFqE,16.0,NA,homepage,2022-06-17T14:50:20.971Z,6.0,,orelsan,0.0,4,2,
HYxAjLS87o0,17.0,NA,homepage,2022-06-17T14:50:20.978Z,6.0,,Chef Verrecchia,0.0,4,2,
m8wcMyZUT-c,18.0,NA,homepage,2022-06-17T14:50:20.986Z,6.0,,Scilabus,0.0,4,2,
zrjqB0Bpf1E,19.0,NA,homepage,2022-06-17T14:50:20.994Z,6.0,,Mnet K-POP,0.0,4,2,
J5soBCRafc8,20.0,NA,homepage,2022-06-17T14:50:21.003Z,6.0,,Ça commence aujourd'hui,0.0,4,2,
Mx_7uZhKL84,21.0,NA,homepage,2022-06-17T14:50:21.011Z,6.0,,The Fluffiest,0.0,4,2,
ayXEoKAYits,22.0,NA,homepage,2022-06-17T14:50:21.019Z,6.0,,France Inter,0.0,4,2,
VtjVDG0-HiU,23.0,NA,homepage,2022-06-17T14:50:21.027Z,6.0,,David Castello-Lopes - L'INTÉGRALE ,0.0,4,2,
MYdfKvdOnM0,24.0,NA,homepage,2022-06-17T14:50:21.035Z,6.0,,LORIS GIULIANO,0.0,4,2,
JaGnUBYUzhA,25.0,NA,homepage,2022-06-17T14:50:21.042Z,6.0,,Armée de Terre,0.0,4,2,
rfA-LZ598h0,26.0,NA,homepage,2022-06-17T14:50:21.053Z,6.0,,Documentaire Société,0.0,4,2,
vVqtNhm2u-U,27.0,NA,homepage,2022-06-17T14:50:21.061Z,6.0,,Vous-Savez-Qui,0.0,4,2,
0-Flely1zRo,28.0,NA,homepage,2022-06-17T14:50:21.069Z,6.0,,CANAL+ Sport,0.0,4,2,
pthaN3Cm9ro,29.0,NA,homepage,2022-06-17T14:50:21.076Z,6.0,,Jamy - Epicurieux,0.0,4,2,
K5DoQnZA0oI,30.0,NA,homepage,2022-06-17T14:50:21.083Z,6.0,,KEEFER,0.0,4,2,
WpX2oR3sjTA,31.0,NA,homepage,2022-06-17T14:50:21.091Z,6.0,,Le Monde à L'Envers,0.0,4,2,
,32.0,NA,homepage,2022-06-17T14:50:21.099Z,6.0,,,0.0,4,2,
55OjGyt3Yyg,0.0,NA,homepage,2022-06-17T14:50:25.590Z,7.0,,C à vous,0.0,4,2,
_Oq8DN9o2jY,1.0,NA,homepage,2022-06-17T14:50:25.604Z,7.0,,Louis,0.0,4,2,
5JHIgJYE-78,2.0,NA,homepage,2022-06-17T14:50:25.613Z,7.0,,France Inter,0.0,4,2,
2BCAkeykjEc,3.0,NA,homepage,2022-06-17T14:50:25.622Z,7.0,,Le Ferrovipathe,0.0,4,2,
2yNJxKqJPGo,4.0,NA,homepage,2022-06-17T14:50:25.629Z,7.0,,The Gunman RAW,0.0,4,2,
69TV0hbSRwY,5.0,NA,homepage,2022-06-17T14:50:25.637Z,7.0,,Konbini,0.0,4,2,
cFHbIV4YwoU,6.0,NA,homepage,2022-06-17T14:50:25.644Z,7.0,,Mashup par HugoDécrypte,0.0,4,2,
OeTFAiYbR9o,7.0,NA,homepage,2022-06-17T14:50:25.652Z,7.0,,Jamiroquai Official,0.0,4,2,
bc7HLt9-IuA,8.0,NA,homepage,2022-06-17T14:50:25.660Z,7.0,,Lena Situations,0.0,4,2,
OmKGn8C_q-4,9.0,NA,homepage,2022-06-17T14:50:25.667Z,7.0,,Mehdi Maïzi,0.0,4,2,
g-6FER9ltuA,10.0,NA,homepage,2022-06-17T14:50:25.674Z,7.0,,Benjamin Workshop,0.0,4,2,
wBzRYyWdjCM,11.0,NA,homepage,2022-06-17T14:50:25.683Z,7.0,,Best Of Antoine Daniel,0.0,4,2,
YY_sMHcidAk,12.0,NA,homepage,2022-06-17T14:50:25.696Z,7.0,,Poisson Fécond,0.0,4,2,
M9OyO3bTqFg,13.0,NA,homepage,2022-06-17T14:50:25.705Z,7.0,,DORETDEPLATINE,0.0,4,2,
m8wcMyZUT-c,14.0,NA,homepage,2022-06-17T14:50:25.713Z,7.0,,Scilabus,0.0,4,2,
1onBuWFzJMc,15.0,NA,homepage,2022-06-17T14:50:25.721Z,7.0,,Manga Trash,0.0,4,2,
d137SkCZws0,16.0,NA,homepage,2022-06-17T14:50:25.728Z,7.0,,Smells Like GASOLINE,0.0,4,2,
8akwd0B6PZk,17.0,NA,homepage,2022-06-17T14:50:25.736Z,7.0,,Clique TV,0.0,4,2,
zrjqB0Bpf1E,18.0,NA,homepage,2022-06-17T14:50:25.743Z,7.0,,Mnet K-POP,0.0,4,2,
HYxAjLS87o0,19.0,NA,homepage,2022-06-17T14:50:25.750Z,7.0,,Chef Verrecchia,0.0,4,2,
JaGnUBYUzhA,20.0,NA,homepage,2022-06-17T14:50:25.758Z,7.0,,Armée de Terre,0.0,4,2,
TXal8LupJ0c,21.0,NA,homepage,2022-06-17T14:50:25.765Z,7.0,,Biljana Paunovic,0.0,4,2,
vVqtNhm2u-U,22.0,NA,homepage,2022-06-17T14:50:25.772Z,7.0,,Vous-Savez-Qui,0.0,4,2,
AfzhfvBCrYQ,23.0,NA,homepage,2022-06-17T14:50:25.780Z,7.0,,Thinkerview,0.0,4,2,
ayXEoKAYits,24.0,NA,homepage,2022-06-17T14:50:25.787Z,7.0,,France Inter,0.0,4,2,
_jS5pHyM9IQ,25.0,NA,homepage,2022-06-17T14:50:25.795Z,7.0,,Yes vous aime,0.0,4,2,
h1fHTuiM5n0,26.0,NA,homepage,2022-06-17T14:50:25.802Z,7.0,,Studio Bagel,0.0,4,2,
2Yy7yznESLA,27.0,NA,homepage,2022-06-17T14:50:25.809Z,7.0,,Food Story,0.0,4,2,
J5soBCRafc8,28.0,NA,homepage,2022-06-17T14:50:25.817Z,7.0,,Ça commence aujourd'hui,0.0,4,2,
X_Dh3sdimEk,29.0,NA,homepage,2022-06-17T14:50:25.826Z,7.0,,Questions d'Histoire,0.0,4,2,
a5bE-KFeA2o,30.0,NA,homepage,2022-06-17T14:50:25.834Z,7.0,,JEAN-LUC MÉLENCHON,0.0,4,2,
WpX2oR3sjTA,31.0,NA,homepage,2022-06-17T14:50:25.842Z,7.0,,Le Monde à L'Envers,0.0,4,2,
,32.0,NA,homepage,2022-06-17T14:50:25.849Z,7.0,,,0.0,4,2,
SiH1ziHYpok,0.0,NA,homepage,2022-06-17T14:50:30.286Z,8.0,,France Inter,0.0,4,2,
7OgJ3zIKHQg,1.0,NA,homepage,2022-06-17T14:50:30.325Z,8.0,,Le Monde à L'Envers,0.0,4,2,
J5soBCRafc8,2.0,NA,homepage,2022-06-17T14:50:30.364Z,8.0,,Ça commence aujourd'hui,0.0,4,2,
8rHgkn9o8hg,3.0,NA,homepage,2022-06-17T14:50:30.380Z,8.0,,FilmsActu,0.0,4,2,
2yNJxKqJPGo,4.0,NA,homepage,2022-06-17T14:50:30.389Z,8.0,,The Gunman RAW,0.0,4,2,
TFur5BQ1Fs0,5.0,NA,homepage,2022-06-17T14:50:30.398Z,8.0,,TRACKS - ARTE,0.0,4,2,
5JHIgJYE-78,6.0,NA,homepage,2022-06-17T14:50:30.407Z,8.0,,France Inter,0.0,4,2,
GybdvgamvHc,7.0,NA,homepage,2022-06-17T14:50:30.415Z,8.0,,David Castello-Lopes - L'INTÉGRALE ,0.0,4,2,
bc7HLt9-IuA,8.0,NA,homepage,2022-06-17T14:50:30.423Z,8.0,,Lena Situations,0.0,4,2,
OmKGn8C_q-4,9.0,NA,homepage,2022-06-17T14:50:30.432Z,8.0,,Mehdi Maïzi,0.0,4,2,
wBzRYyWdjCM,10.0,NA,homepage,2022-06-17T14:50:30.439Z,8.0,,Best Of Antoine Daniel,0.0,4,2,
g-6FER9ltuA,11.0,NA,homepage,2022-06-17T14:50:30.447Z,8.0,,Benjamin Workshop,0.0,4,2,
YY_sMHcidAk,12.0,NA,homepage,2022-06-17T14:50:30.455Z,8.0,,Poisson Fécond,0.0,4,2,
m8wcMyZUT-c,13.0,NA,homepage,2022-06-17T14:50:30.462Z,8.0,,Scilabus,0.0,4,2,
1onBuWFzJMc,14.0,NA,homepage,2022-06-17T14:50:30.469Z,8.0,,Manga Trash,0.0,4,2,
d137SkCZws0,15.0,NA,homepage,2022-06-17T14:50:30.477Z,8.0,,Smells Like GASOLINE,0.0,4,2,
HYxAjLS87o0,16.0,NA,homepage,2022-06-17T14:50:30.484Z,8.0,,Chef Verrecchia,0.0,4,2,
8akwd0B6PZk,17.0,NA,homepage,2022-06-17T14:50:30.491Z,8.0,,Clique TV,0.0,4,2,
zrjqB0Bpf1E,18.0,NA,homepage,2022-06-17T14:50:30.499Z,8.0,,Mnet K-POP,0.0,4,2,
M9OyO3bTqFg,19.0,NA,homepage,2022-06-17T14:50:30.506Z,8.0,,DORETDEPLATINE,0.0,4,2,
2Yy7yznESLA,20.0,NA,homepage,2022-06-17T14:50:30.514Z,8.0,,Food Story,0.0,4,2,
uE814BdteF4,21.0,NA,homepage,2022-06-17T14:50:30.523Z,8.0,,INA Société,0.0,4,2,
HmPmEqY0pQE,22.0,NA,homepage,2022-06-17T14:50:30.531Z,8.0,,Charlotte Pouget,0.0,4,2,
sXToMT1QJx4,23.0,NA,homepage,2022-06-17T14:50:30.539Z,8.0,,ZeratoR,0.0,4,2,
9eEaAcp8S3k,24.0,NA,homepage,2022-06-17T14:50:30.546Z,8.0,,Cyril Chauquet,0.0,4,2,
O2bJep6_lts,25.0,NA,homepage,2022-06-17T14:50:30.553Z,8.0,,Sud Radio,0.0,4,2,
WWxLjAqSM18,26.0,NA,homepage,2022-06-17T14:50:30.561Z,8.0,,FailArmy,0.0,4,2,
dzsuE5ugxf4,27.0,NA,homepage,2022-06-17T14:50:30.568Z,8.0,,Shakira,0.0,4,2,
6u-Ex1g7-zU,28.0,NA,homepage,2022-06-17T14:50:30.575Z,8.0,,Mcfly et Carlito,0.0,4,2,
cLz3lsqfpMA,29.0,NA,homepage,2022-06-17T14:50:30.582Z,8.0,,Boxlapse,0.0,4,2,
ayXEoKAYits,30.0,NA,homepage,2022-06-17T14:50:30.589Z,8.0,,France Inter,0.0,4,2,
JaGnUBYUzhA,31.0,NA,homepage,2022-06-17T14:50:30.596Z,8.0,,Armée de Terre,0.0,4,2,
,32.0,NA,homepage,2022-06-17T14:50:30.606Z,8.0,,,0.0,4,2,
Y40en2zHcMU,,NA,regular,2022-06-17T14:51:24.929Z,,,France Inter,51623.063767330525,5,3,
XzE3PlU7GDM,,NA,proposal,2022-06-17T14:51:25.380Z,,,France Inter,0.0,5,3,Y40en2zHcMU
M8N2kuQ3OMw,,NA,proposal,2022-06-17T14:51:25.445Z,,,France Inter,0.0,5,3,Y40en2zHcMU
O7WDN63CdsY,,NA,proposal,2022-06-17T14:51:25.474Z,,,France Inter,0.0,5,3,Y40en2zHcMU
tkjSrHe51DM,,NA,proposal,2022-06-17T14:51:25.486Z,,,France Inter,0.0,5,3,Y40en2zHcMU
5JHIgJYE-78,,NA,proposal,2022-06-17T14:51:25.496Z,,,France Inter,0.0,5,3,Y40en2zHcMU
nXrwdHCt61Q,,NA,proposal,2022-06-17T14:51:25.507Z,,,France Inter,0.0,5,3,Y40en2zHcMU
_C-NsMFTKrY,,NA,proposal,2022-06-17T14:51:25.518Z,,,France Inter,0.0,5,3,Y40en2zHcMU
EJ6_tJxLXOA,,NA,proposal,2022-06-17T14:51:25.528Z,,,France Inter,0.0,5,3,Y40en2zHcMU
z2YL2BBrOnE,,NA,proposal,2022-06-17T14:51:25.538Z,,,Studio Bagel,0.0,5,3,Y40en2zHcMU
LXDsDDp3lN0,,NA,proposal,2022-06-17T14:51:25.547Z,,,France Inter,0.0,5,3,Y40en2zHcMU
JSTJ_1CbiAg,,NA,proposal,2022-06-17T14:51:25.559Z,,,CANAL+,0.0,5,3,Y40en2zHcMU
Pd_MoOWogTA,,NA,proposal,2022-06-17T14:51:25.574Z,,,France Inter,0.0,5,3,Y40en2zHcMU
SoOPfrA0xvk,,NA,proposal,2022-06-17T14:51:25.585Z,,,France Inter,0.0,5,3,Y40en2zHcMU
jcAuDxNVFCQ,,NA,proposal,2022-06-17T14:51:25.594Z,,,France Inter,0.0,5,3,Y40en2zHcMU
mU_pjDI32kw,,NA,proposal,2022-06-17T14:51:25.604Z,,,France Inter,0.0,5,3,Y40en2zHcMU
ADqb-Osjbfc,,NA,proposal,2022-06-17T14:51:25.613Z,,,Le Monde,0.0,5,3,Y40en2zHcMU
Ca8iYZLLMAk,,NA,proposal,2022-06-17T14:51:25.622Z,,,RTL  ,0.0,5,3,Y40en2zHcMU
gL-zzvHCRMM,,NA,proposal,2022-06-17T14:51:25.631Z,,,France Inter,0.0,5,3,Y40en2zHcMU
eaNj76vkqOY,,NA,proposal,2022-06-17T14:51:25.641Z,,,Montreux Comedy,0.0,5,3,Y40en2zHcMU
vge5CEy9hWA,,NA,proposal,2022-06-17T14:51:25.650Z,,,France Inter,0.0,5,3,Y40en2zHcMU
XzE3PlU7GDM,0.0,NA,homepage,2022-06-17T14:51:31.246Z,9.0,,France Inter,0.0,6,3,
NtCiJzIP_Cg,1.0,NA,homepage,2022-06-17T14:51:31.287Z,9.0,,FastGoodCuisine,0.0,6,3,
M3aIeog_l1E,2.0,NA,homepage,2022-06-17T14:51:31.300Z,9.0,,ABC News (Australia),0.0,6,3,
zJ1vRfOnzsY,3.0,NA,homepage,2022-06-17T14:51:31.309Z,9.0,,Bandes Annonces Cinéma,0.0,6,3,
zr5nKgebkIc,4.0,NA,homepage,2022-06-17T14:51:31.318Z,9.0,,Locked On Zags,0.0,6,3,
jZGsxvA2ar8,5.0,NA,homepage,2022-06-17T14:51:31.328Z,9.0,,52 minutes,0.0,6,3,
h9HVEHkdBJo,6.0,NA,homepage,2022-06-17T14:51:31.336Z,9.0,,La Sueur,0.0,6,3,
eAlD2HFQx1A,7.0,NA,homepage,2022-06-17T14:51:31.345Z,9.0,,Montreux Comedy,0.0,6,3,
eaNj76vkqOY,8.0,NA,homepage,2022-06-17T14:51:31.353Z,9.0,,Montreux Comedy,0.0,6,3,
wBzRYyWdjCM,9.0,NA,homepage,2022-06-17T14:51:31.361Z,9.0,,Best Of Antoine Daniel,0.0,6,3,
m8wcMyZUT-c,10.0,NA,homepage,2022-06-17T14:51:31.369Z,9.0,,Scilabus,0.0,6,3,
g-6FER9ltuA,11.0,NA,homepage,2022-06-17T14:51:31.377Z,9.0,,Benjamin Workshop,0.0,6,3,
bc7HLt9-IuA,12.0,NA,homepage,2022-06-17T14:51:31.385Z,9.0,,Lena Situations,0.0,6,3,
YY_sMHcidAk,13.0,NA,homepage,2022-06-17T14:51:31.393Z,9.0,,Poisson Fécond,0.0,6,3,
1onBuWFzJMc,14.0,NA,homepage,2022-06-17T14:51:31.400Z,9.0,,Manga Trash,0.0,6,3,
d137SkCZws0,15.0,NA,homepage,2022-06-17T14:51:31.408Z,9.0,,Smells Like GASOLINE,0.0,6,3,
LiFh71549lI,16.0,NA,homepage,2022-06-17T14:51:31.416Z,9.0,,JOSPLAY,0.0,6,3,
zrjqB0Bpf1E,17.0,NA,homepage,2022-06-17T14:51:31.423Z,9.0,,Mnet K-POP,0.0,6,3,
HYxAjLS87o0,18.0,NA,homepage,2022-06-17T14:51:31.431Z,9.0,,Chef Verrecchia,0.0,6,3,
OmKGn8C_q-4,19.0,NA,homepage,2022-06-17T14:51:31.439Z,9.0,,Mehdi Maïzi,0.0,6,3,
g6z4R64RMqo,20.0,NA,homepage,2022-06-17T14:51:31.446Z,9.0,,Xiaomanyc 小马在纽约,0.0,6,3,
QdkLezsWbUA,21.0,NA,homepage,2022-06-17T14:51:31.455Z,9.0,,France Inter,0.0,6,3,
X94vQiHkLxU,22.0,NA,homepage,2022-06-17T14:51:31.464Z,9.0,,Mashup par HugoDécrypte,0.0,6,3,
qZyDIRDM8BI,23.0,NA,homepage,2022-06-17T14:51:31.472Z,9.0,,Investigations,0.0,6,3,
5oQy6uHXLlg,24.0,NA,homepage,2022-06-17T14:51:31.480Z,9.0,,Adetayo,0.0,6,3,
IoR-qrSZ9D0,25.0,NA,homepage,2022-06-17T14:51:31.488Z,9.0,,STEEVE JURION,0.0,6,3,
l8n4WyQkWIg,26.0,NA,homepage,2022-06-17T14:51:31.498Z,9.0,,MochaMilk,0.0,6,3,
HK2PtRHKcgg,27.0,NA,homepage,2022-06-17T14:51:31.507Z,9.0,,RTL  ,0.0,6,3,
2BCAkeykjEc,28.0,NA,homepage,2022-06-17T14:51:31.514Z,9.0,,Le Ferrovipathe,0.0,6,3,
hPXQH6gOuJM,29.0,NA,homepage,2022-06-17T14:51:31.522Z,9.0,,ARTE,0.0,6,3,
rnGlZYcn0Z4,30.0,NA,homepage,2022-06-17T14:51:31.529Z,9.0,,HBO Max,0.0,6,3,
Yb3tbeAblmI,31.0,NA,homepage,2022-06-17T14:51:31.537Z,9.0,,Fred Van Long,0.0,6,3,
,32.0,NA,homepage,2022-06-17T14:51:31.545Z,9.0,,,0.0,6,3,
R7amz9-zGxE,0.0,NA,homepage,2022-06-17T14:51:36.096Z,10.0,,France Inter,0.0,6,3,
4jwUXV4QaTw,1.0,NA,homepage,2022-06-17T14:51:36.138Z,10.0,,WIRED,0.0,6,3,
bFzpqWXFSTo,2.0,NA,homepage,2022-06-17T14:51:36.165Z,10.0,,Best Ever Food Review Show,0.0,6,3,
2rlvbyfF0zg,3.0,NA,homepage,2022-06-17T14:51:36.179Z,10.0,,Roger et ses humains,0.0,6,3,
zr5nKgebkIc,4.0,NA,homepage,2022-06-17T14:51:36.192Z,10.0,,Locked On Zags,0.0,6,3,
IoR-qrSZ9D0,5.0,NA,homepage,2022-06-17T14:51:36.202Z,10.0,,STEEVE JURION,0.0,6,3,
N55oG1nk1Ok,6.0,NA,homepage,2022-06-17T14:51:36.210Z,10.0,,Montreux Comedy,0.0,6,3,
X94vQiHkLxU,7.0,NA,homepage,2022-06-17T14:51:36.218Z,10.0,,Mashup par HugoDécrypte,0.0,6,3,
eaNj76vkqOY,8.0,NA,homepage,2022-06-17T14:51:36.226Z,10.0,,Montreux Comedy,0.0,6,3,
wBzRYyWdjCM,9.0,NA,homepage,2022-06-17T14:51:36.235Z,10.0,,Best Of Antoine Daniel,0.0,6,3,
g-6FER9ltuA,10.0,NA,homepage,2022-06-17T14:51:36.243Z,10.0,,Benjamin Workshop,0.0,6,3,
bc7HLt9-IuA,11.0,NA,homepage,2022-06-17T14:51:36.256Z,10.0,,Lena Situations,0.0,6,3,
qp19qVg-PDY,12.0,NA,homepage,2022-06-17T14:51:36.266Z,10.0,,Konbini,0.0,6,3,
YY_sMHcidAk,13.0,NA,homepage,2022-06-17T14:51:36.274Z,10.0,,Poisson Fécond,0.0,6,3,
m8wcMyZUT-c,14.0,NA,homepage,2022-06-17T14:51:36.282Z,10.0,,Scilabus,0.0,6,3,
1onBuWFzJMc,15.0,NA,homepage,2022-06-17T14:51:36.289Z,10.0,,Manga Trash,0.0,6,3,
LiFh71549lI,16.0,NA,homepage,2022-06-17T14:51:36.296Z,10.0,,JOSPLAY,0.0,6,3,
d137SkCZws0,17.0,NA,homepage,2022-06-17T14:51:36.304Z,10.0,,Smells Like GASOLINE,0.0,6,3,
8akwd0B6PZk,18.0,NA,homepage,2022-06-17T14:51:36.311Z,10.0,,Clique TV,0.0,6,3,
HYxAjLS87o0,19.0,NA,homepage,2022-06-17T14:51:36.318Z,10.0,,Chef Verrecchia,0.0,6,3,
kwFT0I9zJCQ,20.0,NA,homepage,2022-06-17T14:51:36.326Z,10.0,,CANAL+ Séries,0.0,6,3,
QdkLezsWbUA,21.0,NA,homepage,2022-06-17T14:51:36.333Z,10.0,,France Inter,0.0,6,3,
BOAdZc0Gc1M,22.0,NA,homepage,2022-06-17T14:51:36.340Z,10.0,,Colin&Amber,0.0,6,3,
HK2PtRHKcgg,23.0,NA,homepage,2022-06-17T14:51:36.347Z,10.0,,RTL  ,0.0,6,3,
dGR65RWwzg8,24.0,NA,homepage,2022-06-17T14:51:36.354Z,10.0,,Avril Lavigne,0.0,6,3,
zJ1vRfOnzsY,25.0,NA,homepage,2022-06-17T14:51:36.361Z,10.0,,Bandes Annonces Cinéma,0.0,6,3,
ApL6NZw-pTM,26.0,NA,homepage,2022-06-17T14:51:36.369Z,10.0,,Dr Nozman,0.0,6,3,
dipj4w39Qu8,27.0,NA,homepage,2022-06-17T14:51:36.376Z,10.0,,Riding Zone,0.0,6,3,
h1fHTuiM5n0,28.0,NA,homepage,2022-06-17T14:51:36.384Z,10.0,,Studio Bagel,0.0,6,3,
O7WDN63CdsY,29.0,NA,homepage,2022-06-17T14:51:36.391Z,10.0,,France Inter,0.0,6,3,
vTuAQsIjJyY,30.0,NA,homepage,2022-06-17T14:51:36.398Z,10.0,,Lena Situations,0.0,6,3,
WnM4YO2MZyQ,31.0,NA,homepage,2022-06-17T14:51:36.405Z,10.0,,Merve,0.0,6,3,
,32.0,NA,homepage,2022-06-17T14:51:36.413Z,10.0,,,0.0,6,3,
R7amz9-zGxE,0.0,NA,homepage,2022-06-17T14:51:40.824Z,11.0,,France Inter,0.0,6,3,
Yb3tbeAblmI,1.0,NA,homepage,2022-06-17T14:51:40.866Z,11.0,,Fred Van Long,0.0,6,3,
BJBbyQ-W5nU,2.0,NA,homepage,2022-06-17T14:51:40.887Z,11.0,,Mediapart,0.0,6,3,
vMLk_T0PPbk,3.0,NA,homepage,2022-06-17T14:51:40.896Z,11.0,,Black Eyed Peas,0.0,6,3,
zr5nKgebkIc,4.0,NA,homepage,2022-06-17T14:51:40.904Z,11.0,,Locked On Zags,0.0,6,3,
N55oG1nk1Ok,5.0,NA,homepage,2022-06-17T14:51:40.912Z,11.0,,Montreux Comedy,0.0,6,3,
M3aIeog_l1E,6.0,NA,homepage,2022-06-17T14:51:40.919Z,11.0,,ABC News (Australia),0.0,6,3,
IoR-qrSZ9D0,7.0,NA,homepage,2022-06-17T14:51:40.927Z,11.0,,STEEVE JURION,0.0,6,3,
eaNj76vkqOY,8.0,NA,homepage,2022-06-17T14:51:40.935Z,11.0,,Montreux Comedy,0.0,6,3,
wBzRYyWdjCM,9.0,NA,homepage,2022-06-17T14:51:40.942Z,11.0,,Best Of Antoine Daniel,0.0,6,3,
g-6FER9ltuA,10.0,NA,homepage,2022-06-17T14:51:40.949Z,11.0,,Benjamin Workshop,0.0,6,3,
bc7HLt9-IuA,11.0,NA,homepage,2022-06-17T14:51:40.957Z,11.0,,Lena Situations,0.0,6,3,
m8wcMyZUT-c,12.0,NA,homepage,2022-06-17T14:51:40.964Z,11.0,,Scilabus,0.0,6,3,
Vgv-WBW_eRo,13.0,NA,homepage,2022-06-17T14:51:40.973Z,11.0,,Linca TV,0.0,6,3,
YY_sMHcidAk,14.0,NA,homepage,2022-06-17T14:51:40.982Z,11.0,,Poisson Fécond,0.0,6,3,
LiFh71549lI,15.0,NA,homepage,2022-06-17T14:51:40.990Z,11.0,,JOSPLAY,0.0,6,3,
1onBuWFzJMc,16.0,NA,homepage,2022-06-17T14:51:40.999Z,11.0,,Manga Trash,0.0,6,3,
d137SkCZws0,17.0,NA,homepage,2022-06-17T14:51:41.007Z,11.0,,Smells Like GASOLINE,0.0,6,3,
qp19qVg-PDY,18.0,NA,homepage,2022-06-17T14:51:41.016Z,11.0,,Konbini,0.0,6,3,
HYxAjLS87o0,19.0,NA,homepage,2022-06-17T14:51:41.024Z,11.0,,Chef Verrecchia,0.0,6,3,
bFzpqWXFSTo,20.0,NA,homepage,2022-06-17T14:51:41.032Z,11.0,,Best Ever Food Review Show,0.0,6,3,
IzHUw-ryosQ,21.0,NA,homepage,2022-06-17T14:51:41.039Z,11.0,,MovieGasm.com,0.0,6,3,
y17JVeP1TNY,22.0,NA,homepage,2022-06-17T14:51:41.047Z,11.0,,Creapills,0.0,6,3,
rfA-LZ598h0,23.0,NA,homepage,2022-06-17T14:51:41.054Z,11.0,,Documentaire Société,0.0,6,3,
EtC17qNMhfc,24.0,NA,homepage,2022-06-17T14:51:41.061Z,11.0,,France Inter,0.0,6,3,
HK2PtRHKcgg,25.0,NA,homepage,2022-06-17T14:51:41.069Z,11.0,,RTL  ,0.0,6,3,
RUXWSz_tRMw,26.0,NA,homepage,2022-06-17T14:51:41.076Z,11.0,,Natoo,0.0,6,3,
RVN4DX6VW2Q,27.0,NA,homepage,2022-06-17T14:51:41.083Z,11.0,,ARTE,0.0,6,3,
2BCAkeykjEc,28.0,NA,homepage,2022-06-17T14:51:41.091Z,11.0,,Le Ferrovipathe,0.0,6,3,
X94vQiHkLxU,29.0,NA,homepage,2022-06-17T14:51:41.099Z,11.0,,Mashup par HugoDécrypte,0.0,6,3,
w49OQ5aNa8M,30.0,NA,homepage,2022-06-17T14:51:41.106Z,11.0,,Mcfly et Carlito la chaîne secondaire,0.0,6,3,
5JHIgJYE-78,31.0,NA,homepage,2022-06-17T14:51:41.114Z,11.0,,France Inter,0.0,6,3,
,32.0,NA,homepage,2022-06-17T14:51:41.122Z,11.0,,,0.0,6,3,
igE3qaTRzds,,NA,regular,2022-06-17T14:52:35.297Z,,,France Inter,51473.49720791416,7,4,
OOZUYhn-7dE,,NA,proposal,2022-06-17T14:52:35.728Z,,,France Inter,0.0,7,4,igE3qaTRzds
Z6ii-Y5YU9k,,NA,proposal,2022-06-17T14:52:35.750Z,,,C à vous,0.0,7,4,igE3qaTRzds
EKmNlhQsOZA,,NA,proposal,2022-06-17T14:52:35.759Z,,,France Inter,0.0,7,4,igE3qaTRzds
32c_0lYLMbk,,NA,proposal,2022-06-17T14:52:35.769Z,,,France Inter,0.0,7,4,igE3qaTRzds
O7WDN63CdsY,,NA,proposal,2022-06-17T14:52:35.778Z,,,France Inter,0.0,7,4,igE3qaTRzds
5JHIgJYE-78,,NA,proposal,2022-06-17T14:52:35.787Z,,,France Inter,0.0,7,4,igE3qaTRzds
tkjSrHe51DM,,NA,proposal,2022-06-17T14:52:35.796Z,,,France Inter,0.0,7,4,igE3qaTRzds
IlqYMDuksKo,,NA,proposal,2022-06-17T14:52:35.805Z,,,Reportage Express,0.0,7,4,igE3qaTRzds
1z9tFJSuHgo,,NA,proposal,2022-06-17T14:52:35.814Z,,,franceinfo,0.0,7,4,igE3qaTRzds
mWmu5eqraZw,,NA,proposal,2022-06-17T14:52:35.823Z,,,France Inter,0.0,7,4,igE3qaTRzds
mU_pjDI32kw,,NA,proposal,2022-06-17T14:52:35.834Z,,,France Inter,0.0,7,4,igE3qaTRzds
OiPYrB7VwEQ,,NA,proposal,2022-06-17T14:52:35.843Z,,,France Inter,0.0,7,4,igE3qaTRzds
zaFKG7SNbeg,,NA,proposal,2022-06-17T14:52:35.851Z,,,C à vous,0.0,7,4,igE3qaTRzds
hpkpkH4KqtA,,NA,proposal,2022-06-17T14:52:35.871Z,,,France Inter,0.0,7,4,igE3qaTRzds
_PnRTMr4ie4,,NA,proposal,2022-06-17T14:52:35.883Z,,,France Inter,0.0,7,4,igE3qaTRzds
dWtG6DFFb1E,,NA,proposal,2022-06-17T14:52:35.898Z,,,Le Monde,0.0,7,4,igE3qaTRzds
kEyaPOKRaZE,,NA,proposal,2022-06-17T14:52:35.910Z,,,Télé Matin,0.0,7,4,igE3qaTRzds
q_xZAbqXLww,,NA,proposal,2022-06-17T14:52:35.920Z,,,Konbini,0.0,7,4,igE3qaTRzds
jcAuDxNVFCQ,,NA,proposal,2022-06-17T14:52:35.930Z,,,France Inter,0.0,7,4,igE3qaTRzds
Xi_JLueP48c,,NA,proposal,2022-06-17T14:52:35.938Z,,,France Inter,0.0,7,4,igE3qaTRzds
5oQy6uHXLlg,0.0,NA,homepage,2022-06-17T14:52:41.475Z,12.0,,Adetayo,0.0,8,4,
o3oeMBrbnxk,1.0,NA,homepage,2022-06-17T14:52:41.520Z,12.0,,Tev - Ici Japon,0.0,8,4,
EtC17qNMhfc,2.0,NA,homepage,2022-06-17T14:52:41.542Z,12.0,,France Inter,0.0,8,4,
oFSXvd1oCNA,3.0,NA,homepage,2022-06-17T14:52:41.555Z,12.0,,Micode,0.0,8,4,
bRWqUxFEoL0,4.0,NA,homepage,2022-06-17T14:52:41.568Z,12.0,,Oliver Pett - Mechanical Creations,0.0,8,4,
QWgX_kWDXKg,5.0,NA,homepage,2022-06-17T14:52:41.576Z,12.0,,Steven He,0.0,8,4,
jGr__hI3Bh4,6.0,NA,homepage,2022-06-17T14:52:41.584Z,12.0,,Konbini,0.0,8,4,
1PfQhudUOMY,7.0,NA,homepage,2022-06-17T14:52:41.592Z,12.0,,David Castello-Lopes - L'INTÉGRALE ,0.0,8,4,
wBzRYyWdjCM,8.0,NA,homepage,2022-06-17T14:52:41.601Z,12.0,,Best Of Antoine Daniel,0.0,8,4,
g-6FER9ltuA,9.0,NA,homepage,2022-06-17T14:52:41.609Z,12.0,,Benjamin Workshop,0.0,8,4,
bc7HLt9-IuA,10.0,NA,homepage,2022-06-17T14:52:41.619Z,12.0,,Lena Situations,0.0,8,4,
1onBuWFzJMc,11.0,NA,homepage,2022-06-17T14:52:41.629Z,12.0,,Manga Trash,0.0,8,4,
m8wcMyZUT-c,12.0,NA,homepage,2022-06-17T14:52:41.637Z,12.0,,Scilabus,0.0,8,4,
5vQbt2PxVE8,13.0,NA,homepage,2022-06-17T14:52:41.647Z,12.0,,Aya Nakamura,0.0,8,4,
YY_sMHcidAk,14.0,NA,homepage,2022-06-17T14:52:41.655Z,12.0,,Poisson Fécond,0.0,8,4,
d137SkCZws0,15.0,NA,homepage,2022-06-17T14:52:41.663Z,12.0,,Smells Like GASOLINE,0.0,8,4,
8akwd0B6PZk,16.0,NA,homepage,2022-06-17T14:52:41.672Z,12.0,,Clique TV,0.0,8,4,
zrjqB0Bpf1E,17.0,NA,homepage,2022-06-17T14:52:41.680Z,12.0,,Mnet K-POP,0.0,8,4,
TK4ZysSt-3c,18.0,NA,homepage,2022-06-17T14:52:41.689Z,12.0,,Julgane,0.0,8,4,
OmKGn8C_q-4,19.0,NA,homepage,2022-06-17T14:52:41.696Z,12.0,,Mehdi Maïzi,0.0,8,4,
wCJhex5lNNE,20.0,NA,homepage,2022-06-17T14:52:41.704Z,12.0,,INA Société,0.0,8,4,
YWGzaqigAo8,21.0,NA,homepage,2022-06-17T14:52:41.712Z,12.0,,We Love Animals,0.0,8,4,
biYX8RMl0RY,22.0,NA,homepage,2022-06-17T14:52:41.720Z,12.0,,France Inter,0.0,8,4,
NolCzzRODTQ,23.0,NA,homepage,2022-06-17T14:52:41.728Z,12.0,,Studio Bagel,0.0,8,4,
RYjfe8OSRFw,24.0,NA,homepage,2022-06-17T14:52:41.736Z,12.0,,Montreux Comedy,0.0,8,4,
Whhq6TlBelc,25.0,NA,homepage,2022-06-17T14:52:41.746Z,12.0,,Torah Box,0.0,8,4,
Ca8iYZLLMAk,26.0,NA,homepage,2022-06-17T14:52:41.756Z,12.0,,RTL  ,0.0,8,4,
H3QIk1adETc,27.0,NA,homepage,2022-06-17T14:52:41.763Z,12.0,,CANAL+ Séries,0.0,8,4,
0YEGokP9Bdc,28.0,NA,homepage,2022-06-17T14:52:41.772Z,12.0,,Best Of Antoine Daniel,0.0,8,4,
L8TemHkkTKY,29.0,NA,homepage,2022-06-17T14:52:41.779Z,12.0,,Benjamin Verrecchia,0.0,8,4,
E0Uv8v7DzWY,30.0,NA,homepage,2022-06-17T14:52:41.787Z,12.0,,pancake productions,0.0,8,4,
fw_1ULoxLCY,31.0,NA,homepage,2022-06-17T14:52:41.794Z,12.0,,Le Vortex - ARTE ,0.0,8,4,
,32.0,NA,homepage,2022-06-17T14:52:41.801Z,12.0,,,0.0,8,4,
D3eiSWBeEuE,0.0,NA,homepage,2022-06-17T14:52:46.343Z,13.0,,Vogue France,0.0,8,4,
EtC17qNMhfc,1.0,NA,homepage,2022-06-17T14:52:46.383Z,13.0,,France Inter,0.0,8,4,
p5nN873DU-A,2.0,NA,homepage,2022-06-17T14:52:46.401Z,13.0,,Sous Influence Podcast,0.0,8,4,
gYCmNf9WVAw,3.0,NA,homepage,2022-06-17T14:52:46.414Z,13.0,,Les Duos Impossibles de Jérémy Ferrari,0.0,8,4,
uBVcTVTB3TM,4.0,NA,homepage,2022-06-17T14:52:46.426Z,13.0,,Hawai'i State Senate,0.0,8,4,
1TsFkuypesw,5.0,NA,homepage,2022-06-17T14:52:46.436Z,13.0,,TheoBabac,0.0,8,4,
GfEtT4rFEws,6.0,NA,homepage,2022-06-17T14:52:46.445Z,13.0,,28 minutes - ARTE,0.0,8,4,
xFoJzjfMaIo,7.0,NA,homepage,2022-06-17T14:52:46.453Z,13.0,,Scilabus,0.0,8,4,
wBzRYyWdjCM,8.0,NA,homepage,2022-06-17T14:52:46.461Z,13.0,,Best Of Antoine Daniel,0.0,8,4,
g-6FER9ltuA,9.0,NA,homepage,2022-06-17T14:52:46.469Z,13.0,,Benjamin Workshop,0.0,8,4,
bc7HLt9-IuA,10.0,NA,homepage,2022-06-17T14:52:46.476Z,13.0,,Lena Situations,0.0,8,4,
m8wcMyZUT-c,11.0,NA,homepage,2022-06-17T14:52:46.492Z,13.0,,Scilabus,0.0,8,4,
1onBuWFzJMc,12.0,NA,homepage,2022-06-17T14:52:46.501Z,13.0,,Manga Trash,0.0,8,4,
5vQbt2PxVE8,13.0,NA,homepage,2022-06-17T14:52:46.509Z,13.0,,Aya Nakamura,0.0,8,4,
d137SkCZws0,14.0,NA,homepage,2022-06-17T14:52:46.516Z,13.0,,Smells Like GASOLINE,0.0,8,4,
YY_sMHcidAk,15.0,NA,homepage,2022-06-17T14:52:46.523Z,13.0,,Poisson Fécond,0.0,8,4,
TK4ZysSt-3c,16.0,NA,homepage,2022-06-17T14:52:46.530Z,13.0,,Julgane,0.0,8,4,
OmKGn8C_q-4,17.0,NA,homepage,2022-06-17T14:52:46.538Z,13.0,,Mehdi Maïzi,0.0,8,4,
zrjqB0Bpf1E,18.0,NA,homepage,2022-06-17T14:52:46.545Z,13.0,,Mnet K-POP,0.0,8,4,
nKA8cnz9yyo,19.0,NA,homepage,2022-06-17T14:52:46.552Z,13.0,,Mnet K-POP,0.0,8,4,
NolCzzRODTQ,20.0,NA,homepage,2022-06-17T14:52:46.560Z,13.0,,Studio Bagel,0.0,8,4,
QWgX_kWDXKg,21.0,NA,homepage,2022-06-17T14:52:46.568Z,13.0,,Steven He,0.0,8,4,
biYX8RMl0RY,22.0,NA,homepage,2022-06-17T14:52:46.576Z,13.0,,France Inter,0.0,8,4,
JWvAXD3Aj1U,23.0,NA,homepage,2022-06-17T14:52:46.583Z,13.0,,Palmashow,0.0,8,4,
BNiTVsAlzlc,24.0,NA,homepage,2022-06-17T14:52:46.590Z,13.0,,FailArmy,0.0,8,4,
Ob4Nk6gz8Ec,25.0,NA,homepage,2022-06-17T14:52:46.597Z,13.0,,Calvin Harris,0.0,8,4,
ZvG7FiUU9rs,26.0,NA,homepage,2022-06-17T14:52:46.607Z,13.0,,GQ France,0.0,8,4,
v6UHdqrRVCs,27.0,NA,homepage,2022-06-17T14:52:46.614Z,13.0,,"Yves GAUTIER, Coach",0.0,8,4,
H3QIk1adETc,28.0,NA,homepage,2022-06-17T14:52:46.622Z,13.0,,CANAL+ Séries,0.0,8,4,
hPXQH6gOuJM,29.0,NA,homepage,2022-06-17T14:52:46.628Z,13.0,,ARTE,0.0,8,4,
O7WDN63CdsY,30.0,NA,homepage,2022-06-17T14:52:46.635Z,13.0,,France Inter,0.0,8,4,
S5Jwc5i6S54,31.0,NA,homepage,2022-06-17T14:52:46.642Z,13.0,,- NS -,0.0,8,4,
,32.0,NA,homepage,2022-06-17T14:52:46.649Z,13.0,,,0.0,8,4,
D3eiSWBeEuE,0.0,NA,homepage,2022-06-17T14:52:51.084Z,14.0,,Vogue France,0.0,8,4,
O7WDN63CdsY,1.0,NA,homepage,2022-06-17T14:52:51.122Z,14.0,,France Inter,0.0,8,4,
QrqVKAPHZjM,2.0,NA,homepage,2022-06-17T14:52:51.137Z,14.0,,SQUEEZIE,0.0,8,4,
bQLRjtqdMeg,3.0,NA,homepage,2022-06-17T14:52:51.146Z,14.0,,Les reporters du dimanche,0.0,8,4,
G3V6cqrObgo,4.0,NA,homepage,2022-06-17T14:52:51.154Z,14.0,,Linda Toupin,0.0,8,4,
CojLWt6b490,5.0,NA,homepage,2022-06-17T14:52:51.160Z,14.0,,ARTE,0.0,8,4,
JBeP7TchWsI,6.0,NA,homepage,2022-06-17T14:52:51.168Z,14.0,,Les Kassos,0.0,8,4,
2BCAkeykjEc,7.0,NA,homepage,2022-06-17T14:52:51.175Z,14.0,,Le Ferrovipathe,0.0,8,4,
eaNj76vkqOY,8.0,NA,homepage,2022-06-17T14:52:51.182Z,14.0,,Montreux Comedy,0.0,8,4,
wBzRYyWdjCM,9.0,NA,homepage,2022-06-17T14:52:51.189Z,14.0,,Best Of Antoine Daniel,0.0,8,4,
g-6FER9ltuA,10.0,NA,homepage,2022-06-17T14:52:51.196Z,14.0,,Benjamin Workshop,0.0,8,4,
m8wcMyZUT-c,11.0,NA,homepage,2022-06-17T14:52:51.204Z,14.0,,Scilabus,0.0,8,4,
1onBuWFzJMc,12.0,NA,homepage,2022-06-17T14:52:51.211Z,14.0,,Manga Trash,0.0,8,4,
bc7HLt9-IuA,13.0,NA,homepage,2022-06-17T14:52:51.219Z,14.0,,Lena Situations,0.0,8,4,
YY_sMHcidAk,14.0,NA,homepage,2022-06-17T14:52:51.226Z,14.0,,Poisson Fécond,0.0,8,4,
d137SkCZws0,15.0,NA,homepage,2022-06-17T14:52:51.234Z,14.0,,Smells Like GASOLINE,0.0,8,4,
zrjqB0Bpf1E,16.0,NA,homepage,2022-06-17T14:52:51.242Z,14.0,,Mnet K-POP,0.0,8,4,
OmKGn8C_q-4,17.0,NA,homepage,2022-06-17T14:52:51.250Z,14.0,,Mehdi Maïzi,0.0,8,4,
g2-Dd51YL8o,18.0,NA,homepage,2022-06-17T14:52:51.257Z,14.0,,CHRIS,0.0,8,4,
nKA8cnz9yyo,19.0,NA,homepage,2022-06-17T14:52:51.264Z,14.0,,Mnet K-POP,0.0,8,4,
60Lz0wgZcrw,20.0,NA,homepage,2022-06-17T14:52:51.271Z,14.0,,francetv slash / talents,0.0,8,4,
dzsuE5ugxf4,21.0,NA,homepage,2022-06-17T14:52:51.278Z,14.0,,Shakira,0.0,8,4,
1BX-JucqoTg,22.0,NA,homepage,2022-06-17T14:52:51.286Z,14.0,,Golden Queen,0.0,8,4,
yaZNbLjC94M,23.0,NA,homepage,2022-06-17T14:52:51.295Z,14.0,,France Inter,0.0,8,4,
RYjfe8OSRFw,24.0,NA,homepage,2022-06-17T14:52:51.302Z,14.0,,Montreux Comedy,0.0,8,4,
59uqW8XRiw0,25.0,NA,homepage,2022-06-17T14:52:51.310Z,14.0,,INA Actu,0.0,8,4,
cyuM8quUvvg,26.0,NA,homepage,2022-06-17T14:52:51.317Z,14.0,,2FillesOrdinaires par Chrystine et Vanessa,0.0,8,4,
lIHWgKIXaJU,27.0,NA,homepage,2022-06-17T14:52:51.324Z,14.0,,The Graham Norton Show,0.0,8,4,
Rs1GZjbNY4E,28.0,NA,homepage,2022-06-17T14:52:51.331Z,14.0,,Ptk Instrumentais,0.0,8,4,
gJMJpSIs3Zg,29.0,NA,homepage,2022-06-17T14:52:51.338Z,14.0,,CANAL+ Séries,0.0,8,4,
FaMcSobYLew,30.0,NA,homepage,2022-06-17T14:52:51.346Z,14.0,,LES VERMINES,0.0,8,4,
mWmu5eqraZw,31.0,NA,homepage,2022-06-17T14:52:51.353Z,14.0,,France Inter,0.0,8,4,
,32.0,NA,homepage,2022-06-17T14:52:51.360Z,14.0,,,0.0,8,4,
mU_pjDI32kw,,NA,regular,2022-06-17T14:53:43.525Z,,,France Inter,49341.73398223162,9,5,
ayXEoKAYits,,NA,proposal,2022-06-17T14:53:43.951Z,,,France Inter,0.0,9,5,mU_pjDI32kw
wgpg_Sz7nUg,,NA,proposal,2022-06-17T14:53:43.963Z,,,RTL  ,0.0,9,5,mU_pjDI32kw
F4FkCMUaeps,,NA,proposal,2022-06-17T14:53:43.972Z,,,Yes vous aime,0.0,9,5,mU_pjDI32kw
z2YL2BBrOnE,,NA,proposal,2022-06-17T14:53:43.982Z,,,Studio Bagel,0.0,9,5,mU_pjDI32kw
5JHIgJYE-78,,NA,proposal,2022-06-17T14:53:43.992Z,,,France Inter,0.0,9,5,mU_pjDI32kw
Q73DDD7rrfY,,NA,proposal,2022-06-17T14:53:44.004Z,,,Wimbledon,0.0,9,5,mU_pjDI32kw
UOlSAoNeDSQ,,NA,proposal,2022-06-17T14:53:44.016Z,,,Mediapart,0.0,9,5,mU_pjDI32kw
tkjSrHe51DM,,NA,proposal,2022-06-17T14:53:44.026Z,,,France Inter,0.0,9,5,mU_pjDI32kw
TdFuCfcgbR0,,NA,proposal,2022-06-17T14:53:44.036Z,,,France Inter,0.0,9,5,mU_pjDI32kw
RPaLxZz7sHU,,NA,proposal,2022-06-17T14:53:44.045Z,,,France Inter,0.0,9,5,mU_pjDI32kw
x9UH7JS856I,,NA,proposal,2022-06-17T14:53:44.054Z,,,France Inter,0.0,9,5,mU_pjDI32kw
4R7aMuv1nOg,,NA,proposal,2022-06-17T14:53:44.166Z,,,Mediapart,0.0,9,5,mU_pjDI32kw
uxz0sl0VJ8o,,NA,proposal,2022-06-17T14:53:44.269Z,,,France Inter,0.0,9,5,mU_pjDI32kw
J5RzQTYEvaA,,NA,proposal,2022-06-17T14:53:44.279Z,,,RTL  ,0.0,9,5,mU_pjDI32kw
gz_Wstlqq7w,,NA,proposal,2022-06-17T14:53:44.288Z,,,France Inter,0.0,9,5,mU_pjDI32kw
oCdOKphqqK0,,NA,proposal,2022-06-17T14:53:44.298Z,,,France Inter,0.0,9,5,mU_pjDI32kw
jcAuDxNVFCQ,,NA,proposal,2022-06-17T14:53:44.308Z,,,France Inter,0.0,9,5,mU_pjDI32kw
BGVVXtcNSro,,NA,proposal,2022-06-17T14:53:44.328Z,,,France Inter,0.0,9,5,mU_pjDI32kw
J-YFNLY_9mY,,NA,proposal,2022-06-17T14:53:44.338Z,,,CANAL+ Sport,0.0,9,5,mU_pjDI32kw
Xi_JLueP48c,,NA,proposal,2022-06-17T14:53:44.352Z,,,France Inter,0.0,9,5,mU_pjDI32kw
Wys8mdggTBk,0.0,NA,homepage,2022-06-17T14:53:49.974Z,15.0,,Brut,0.0,10,5,
_C-NsMFTKrY,1.0,NA,homepage,2022-06-17T14:53:50.018Z,15.0,,France Inter,0.0,10,5,
vTuAQsIjJyY,2.0,NA,homepage,2022-06-17T14:53:50.035Z,15.0,,Lena Situations,0.0,10,5,
_-25ePItpxg,3.0,NA,homepage,2022-06-17T14:53:50.046Z,15.0,,TéléCrayon,0.0,10,5,
bRWqUxFEoL0,4.0,NA,homepage,2022-06-17T14:53:50.054Z,15.0,,Oliver Pett - Mechanical Creations,0.0,10,5,
LYSCUOL7hBM,5.0,NA,homepage,2022-06-17T14:53:50.062Z,15.0,,Touche pas à mon poste !,0.0,10,5,
S5Jwc5i6S54,6.0,NA,homepage,2022-06-17T14:53:50.070Z,15.0,,- NS -,0.0,10,5,
JZ9pHBEUWPo,7.0,NA,homepage,2022-06-17T14:53:50.078Z,15.0,,Warner Music Spain,0.0,10,5,
wBzRYyWdjCM,8.0,NA,homepage,2022-06-17T14:53:50.086Z,15.0,,Best Of Antoine Daniel,0.0,10,5,
g-6FER9ltuA,9.0,NA,homepage,2022-06-17T14:53:50.094Z,15.0,,Benjamin Workshop,0.0,10,5,
m8wcMyZUT-c,10.0,NA,homepage,2022-06-17T14:53:50.102Z,15.0,,Scilabus,0.0,10,5,
bc7HLt9-IuA,11.0,NA,homepage,2022-06-17T14:53:50.110Z,15.0,,Lena Situations,0.0,10,5,
YY_sMHcidAk,12.0,NA,homepage,2022-06-17T14:53:50.119Z,15.0,,Poisson Fécond,0.0,10,5,
1onBuWFzJMc,13.0,NA,homepage,2022-06-17T14:53:50.127Z,15.0,,Manga Trash,0.0,10,5,
d137SkCZws0,14.0,NA,homepage,2022-06-17T14:53:50.134Z,15.0,,Smells Like GASOLINE,0.0,10,5,
zrjqB0Bpf1E,15.0,NA,homepage,2022-06-17T14:53:50.143Z,15.0,,Mnet K-POP,0.0,10,5,
TK4ZysSt-3c,16.0,NA,homepage,2022-06-17T14:53:50.151Z,15.0,,Julgane,0.0,10,5,
g2-Dd51YL8o,17.0,NA,homepage,2022-06-17T14:53:50.160Z,15.0,,CHRIS,0.0,10,5,
OmKGn8C_q-4,18.0,NA,homepage,2022-06-17T14:53:50.168Z,15.0,,Mehdi Maïzi,0.0,10,5,
nKA8cnz9yyo,19.0,NA,homepage,2022-06-17T14:53:50.176Z,15.0,,Mnet K-POP,0.0,10,5,
w49OQ5aNa8M,20.0,NA,homepage,2022-06-17T14:53:50.184Z,15.0,,Mcfly et Carlito la chaîne secondaire,0.0,10,5,
kZOgTFrkl8c,21.0,NA,homepage,2022-06-17T14:53:50.192Z,15.0,,Vogue France,0.0,10,5,
mWmu5eqraZw,22.0,NA,homepage,2022-06-17T14:53:50.200Z,15.0,,France Inter,0.0,10,5,
MYdfKvdOnM0,23.0,NA,homepage,2022-06-17T14:53:50.209Z,15.0,,LORIS GIULIANO,0.0,10,5,
tnZKEPEfAmQ,24.0,NA,homepage,2022-06-17T14:53:50.219Z,15.0,,Elodie Poux,0.0,10,5,
v6UHdqrRVCs,25.0,NA,homepage,2022-06-17T14:53:50.228Z,15.0,,"Yves GAUTIER, Coach",0.0,10,5,
gT55_G1IJqs,26.0,NA,homepage,2022-06-17T14:53:50.237Z,15.0,,Istanbul Cats,0.0,10,5,
HdonvWVWuRk,27.0,NA,homepage,2022-06-17T14:53:50.245Z,15.0,,aurelien barrau,0.0,10,5,
mR892ya0AB8,28.0,NA,homepage,2022-06-17T14:53:50.253Z,15.0,,La Boîte à Questions,0.0,10,5,
o3oeMBrbnxk,29.0,NA,homepage,2022-06-17T14:53:50.262Z,15.0,,Tev - Ici Japon,0.0,10,5,
MXDF0wVcWfA,30.0,NA,homepage,2022-06-17T14:53:50.269Z,15.0,,pp3k07,0.0,10,5,
04pX5cPDANs,31.0,NA,homepage,2022-06-17T14:53:50.277Z,15.0,,France Inter,0.0,10,5,
,32.0,NA,homepage,2022-06-17T14:53:50.287Z,15.0,,,0.0,10,5,
O7WDN63CdsY,0.0,NA,homepage,2022-06-17T14:53:54.844Z,16.0,,France Inter,0.0,10,5,
B4_TG5jv1jY,1.0,NA,homepage,2022-06-17T14:53:54.887Z,16.0,,Wankil Studio - Laink et Terracid,0.0,10,5,
QCNPrBzCaFY,2.0,NA,homepage,2022-06-17T14:53:54.910Z,16.0,,SBS TV동물농장x애니멀봐,0.0,10,5,
pthaN3Cm9ro,3.0,NA,homepage,2022-06-17T14:53:54.920Z,16.0,,Jamy - Epicurieux,0.0,10,5,
bRWqUxFEoL0,4.0,NA,homepage,2022-06-17T14:53:54.929Z,16.0,,Oliver Pett - Mechanical Creations,0.0,10,5,
GHYS_vEJA0o,5.0,NA,homepage,2022-06-17T14:53:54.937Z,16.0,,Touche pas à mon poste !,0.0,10,5,
RYjfe8OSRFw,6.0,NA,homepage,2022-06-17T14:53:54.944Z,16.0,,Montreux Comedy,0.0,10,5,
-pAppORslNg,7.0,NA,homepage,2022-06-17T14:53:54.952Z,16.0,,Docteur Kafkatherine,0.0,10,5,
eaNj76vkqOY,8.0,NA,homepage,2022-06-17T14:53:54.960Z,16.0,,Montreux Comedy,0.0,10,5,
wBzRYyWdjCM,9.0,NA,homepage,2022-06-17T14:53:54.968Z,16.0,,Best Of Antoine Daniel,0.0,10,5,
g-6FER9ltuA,10.0,NA,homepage,2022-06-17T14:53:54.979Z,16.0,,Benjamin Workshop,0.0,10,5,
m8wcMyZUT-c,11.0,NA,homepage,2022-06-17T14:53:54.987Z,16.0,,Scilabus,0.0,10,5,
bc7HLt9-IuA,12.0,NA,homepage,2022-06-17T14:53:54.998Z,16.0,,Lena Situations,0.0,10,5,
1onBuWFzJMc,13.0,NA,homepage,2022-06-17T14:53:55.008Z,16.0,,Manga Trash,0.0,10,5,
d137SkCZws0,14.0,NA,homepage,2022-06-17T14:53:55.016Z,16.0,,Smells Like GASOLINE,0.0,10,5,
YY_sMHcidAk,15.0,NA,homepage,2022-06-17T14:53:55.024Z,16.0,,Poisson Fécond,0.0,10,5,
zrjqB0Bpf1E,16.0,NA,homepage,2022-06-17T14:53:55.031Z,16.0,,Mnet K-POP,0.0,10,5,
nKA8cnz9yyo,17.0,NA,homepage,2022-06-17T14:53:55.039Z,16.0,,Mnet K-POP,0.0,10,5,
TK4ZysSt-3c,18.0,NA,homepage,2022-06-17T14:53:55.046Z,16.0,,Julgane,0.0,10,5,
g2-Dd51YL8o,19.0,NA,homepage,2022-06-17T14:53:55.053Z,16.0,,CHRIS,0.0,10,5,
0VyurTZGpZM,20.0,NA,homepage,2022-06-17T14:53:55.061Z,16.0,,DIRECT,0.0,10,5,
o3oeMBrbnxk,21.0,NA,homepage,2022-06-17T14:53:55.068Z,16.0,,Tev - Ici Japon,0.0,10,5,
5I-HKZuY0-Q,22.0,NA,homepage,2022-06-17T14:53:55.076Z,16.0,,ARTE,0.0,10,5,
kZOgTFrkl8c,23.0,NA,homepage,2022-06-17T14:53:55.083Z,16.0,,Vogue France,0.0,10,5,
VOwXGMxF5TI,24.0,NA,homepage,2022-06-17T14:53:55.091Z,16.0,,Le Télévisator,0.0,10,5,
mWmu5eqraZw,25.0,NA,homepage,2022-06-17T14:53:55.098Z,16.0,,France Inter,0.0,10,5,
oOPf1wT4DWo,26.0,NA,homepage,2022-06-17T14:53:55.106Z,16.0,,Yes vous aime,0.0,10,5,
SoN8LY1GrQA,27.0,NA,homepage,2022-06-17T14:53:55.113Z,16.0,,Best Of JDG Twitch,0.0,10,5,
v6UHdqrRVCs,28.0,NA,homepage,2022-06-17T14:53:55.121Z,16.0,,"Yves GAUTIER, Coach",0.0,10,5,
18JsOO0lQKE,29.0,NA,homepage,2022-06-17T14:53:55.129Z,16.0,,David Castello-Lopes - L'INTÉGRALE ,0.0,10,5,
JZ9pHBEUWPo,30.0,NA,homepage,2022-06-17T14:53:55.136Z,16.0,,Warner Music Spain,0.0,10,5,
_LpCe95JQ2Y,31.0,NA,homepage,2022-06-17T14:53:55.144Z,16.0,,Livres utiles,0.0,10,5,
,32.0,NA,homepage,2022-06-17T14:53:55.152Z,16.0,,,0.0,10,5,
QkUcdLigv1M,0.0,NA,homepage,2022-06-17T14:53:59.687Z,17.0,,France Inter,0.0,10,5,
ZvG7FiUU9rs,1.0,NA,homepage,2022-06-17T14:53:59.729Z,17.0,,GQ France,0.0,10,5,
_jS5pHyM9IQ,2.0,NA,homepage,2022-06-17T14:53:59.751Z,17.0,,Yes vous aime,0.0,10,5,
J2UyOTS3UCE,3.0,NA,homepage,2022-06-17T14:53:59.762Z,17.0,,Monterey Bay Aquarium,0.0,10,5,
bRWqUxFEoL0,4.0,NA,homepage,2022-06-17T14:53:59.770Z,17.0,,Oliver Pett - Mechanical Creations,0.0,10,5,
RYjfe8OSRFw,5.0,NA,homepage,2022-06-17T14:53:59.777Z,17.0,,Montreux Comedy,0.0,10,5,
8UVNT4wvIGY,6.0,NA,homepage,2022-06-17T14:53:59.785Z,17.0,,gotyemusic,0.0,10,5,
3wNxZuwSFiQ,7.0,NA,homepage,2022-06-17T14:53:59.792Z,17.0,,C à vous,0.0,10,5,
wBzRYyWdjCM,8.0,NA,homepage,2022-06-17T14:53:59.799Z,17.0,,Best Of Antoine Daniel,0.0,10,5,
g-6FER9ltuA,9.0,NA,homepage,2022-06-17T14:53:59.807Z,17.0,,Benjamin Workshop,0.0,10,5,
bc7HLt9-IuA,10.0,NA,homepage,2022-06-17T14:53:59.814Z,17.0,,Lena Situations,0.0,10,5,
m8wcMyZUT-c,11.0,NA,homepage,2022-06-17T14:53:59.821Z,17.0,,Scilabus,0.0,10,5,
1onBuWFzJMc,12.0,NA,homepage,2022-06-17T14:53:59.828Z,17.0,,Manga Trash,0.0,10,5,
YY_sMHcidAk,13.0,NA,homepage,2022-06-17T14:53:59.837Z,17.0,,Poisson Fécond,0.0,10,5,
d137SkCZws0,14.0,NA,homepage,2022-06-17T14:53:59.846Z,17.0,,Smells Like GASOLINE,0.0,10,5,
g2-Dd51YL8o,15.0,NA,homepage,2022-06-17T14:53:59.854Z,17.0,,CHRIS,0.0,10,5,
zrjqB0Bpf1E,16.0,NA,homepage,2022-06-17T14:53:59.861Z,17.0,,Mnet K-POP,0.0,10,5,
nKA8cnz9yyo,17.0,NA,homepage,2022-06-17T14:53:59.868Z,17.0,,Mnet K-POP,0.0,10,5,
qp19qVg-PDY,18.0,NA,homepage,2022-06-17T14:53:59.876Z,17.0,,Konbini,0.0,10,5,
TK4ZysSt-3c,19.0,NA,homepage,2022-06-17T14:53:59.883Z,17.0,,Julgane,0.0,10,5,
S5Jwc5i6S54,20.0,NA,homepage,2022-06-17T14:53:59.890Z,17.0,,- NS -,0.0,10,5,
mWmu5eqraZw,21.0,NA,homepage,2022-06-17T14:53:59.897Z,17.0,,France Inter,0.0,10,5,
n91C9IwRGxQ,22.0,NA,homepage,2022-06-17T14:53:59.905Z,17.0,,Mcfly et Carlito la chaîne secondaire,0.0,10,5,
MCzpiefJplM,23.0,NA,homepage,2022-06-17T14:53:59.912Z,17.0,,Dogs Spread Love,0.0,10,5,
f1vsYmUSi1k,24.0,NA,homepage,2022-06-17T14:53:59.919Z,17.0,,Konbini,0.0,10,5,
8OXdAHV1JSs,25.0,NA,homepage,2022-06-17T14:53:59.927Z,17.0,,Juju Fitcats,0.0,10,5,
vWcV8ZPBEDg,26.0,NA,homepage,2022-06-17T14:53:59.934Z,17.0,,Brut,0.0,10,5,
kd7KC3PaEaA,27.0,NA,homepage,2022-06-17T14:53:59.942Z,17.0,,AcousticTrench,0.0,10,5,
l327LbNx1_o,28.0,NA,homepage,2022-06-17T14:53:59.949Z,17.0,,George Dunnett,0.0,10,5,
_C-NsMFTKrY,29.0,NA,homepage,2022-06-17T14:53:59.956Z,17.0,,France Inter,0.0,10,5,
VOwXGMxF5TI,30.0,NA,homepage,2022-06-17T14:53:59.964Z,17.0,,Le Télévisator,0.0,10,5,
WpX2oR3sjTA,31.0,NA,homepage,2022-06-17T14:53:59.972Z,17.0,,Le Monde à L'Envers,0.0,10,5,
,32.0,NA,homepage,2022-06-17T14:53:59.979Z,17.0,,,0.0,10,5,
